student_id,age,studytime,failures,absences,g1_to_g2_change,avg_g1_g2,sex,address,famsize,Pstatus,schoolsup,famsup,label_at_risk
1,18,2,0,6,1,5.5,0,1,0,0,1,0,1
2,17,2,0,4,0,5.0,0,1,0,1,0,1,1
3,15,2,3,10,1,7.5,0,1,1,1,1,0,0
4,15,3,0,2,-1,14.5,0,1,0,1,0,1,0
5,16,2,0,4,4,8.0,0,1,0,1,0,1,0
6,16,2,0,10,0,15.0,1,1,1,1,0,1,0
7,16,2,0,0,0,12.0,1,1,1,1,0,0,0
8,17,2,0,6,-1,5.5,0,1,0,0,1,1,1
9,15,2,0,0,2,17.0,1,1,1,0,0,1,0
10,15,2,0,0,1,14.5,1,1,0,1,0,1,0
11,15,2,0,0,-2,9.0,0,1,0,1,0,1,1
12,15,3,0,4,2,11.0,0,1,0,1,0,1,0
13,15,1,0,2,0,14.0,1,1,1,1,0,1,0
14,15,2,0,2,0,10.0,1,1,0,1,0,1,0
15,15,3,0,0,2,15.0,1,1,0,0,0,1,0
16,16,1,0,4,0,14.0,0,1,0,1,0,1,0
17,16,3,0,6,1,13.5,0,1,0,1,0,1,0
18,16,2,0,4,2,9.0,0,1,0,1,1,1,0
19,17,1,3,16,-1,5.5,1,1,0,1,0,1,1
20,16,1,0,4,2,9.0,1,1,1,1,0,0,0
21,15,2,0,0,1,13.5,1,1,0,1,0,0,0
22,15,1,0,0,3,13.5,1,1,0,1,0,1,0
23,16,2,0,2,0,15.0,1,1,1,1,0,0,0
24,16,2,0,0,0,13.0,1,1,1,1,0,1,0
25,15,3,0,2,-1,9.5,0,0,0,1,1,1,1
26,16,1,2,14,3,7.5,0,1,0,1,0,1,1
27,15,1,0,2,0,12.0,1,1,0,1,0,1,0
28,15,1,0,4,1,15.5,1,1,0,1,0,0,0
29,16,2,0,4,0,11.0,1,1,1,0,1,1,0
30,16,2,0,16,2,11.0,1,1,0,1,0,1,0
31,15,2,0,0,2,10.0,1,1,0,1,0,1,0
32,15,2,0,0,-1,16.5,1,1,0,1,0,1,0
33,15,2,0,0,-1,16.5,1,0,0,1,0,1,0
34,15,2,0,0,2,9.0,1,1,1,1,0,0,0
35,16,1,0,0,2,13.0,1,1,0,1,0,1,0
36,15,1,0,0,-1,7.5,0,1,0,1,0,1,1
37,15,3,0,2,1,15.5,1,1,1,1,0,1,0
38,16,3,0,7,1,15.5,1,0,0,0,0,1,0
39,15,3,0,2,0,12.0,0,0,0,1,1,1,0
40,15,1,0,8,-1,13.5,0,0,0,1,1,1,0
41,16,2,1,25,3,8.5,0,1,1,1,0,1,0
42,15,1,0,8,0,12.0,1,1,1,1,0,1,0
43,15,2,0,2,-1,18.5,1,1,0,1,0,1,0
44,15,1,0,0,0,8.0,1,1,0,1,1,1,0
45,16,2,1,14,0,10.0,0,1,1,1,1,0,1
46,15,2,0,8,0,8.0,0,1,1,0,1,1,1
47,16,2,0,12,1,11.5,0,1,1,0,0,1,0
48,16,4,0,4,0,19.0,1,1,0,1,0,0,0
49,15,2,0,2,0,15.0,1,1,0,1,0,1,0
50,15,2,1,2,0,7.0,0,1,0,1,1,1,1
51,16,2,0,2,1,12.5,0,1,1,1,0,1,0
52,15,2,0,2,2,12.0,0,1,1,1,0,1,0
53,15,1,1,6,0,11.0,1,1,1,0,0,0,0
54,15,1,0,0,2,9.0,0,1,0,1,1,1,0
55,15,1,0,6,3,11.5,0,1,1,0,0,0,0
56,16,2,0,8,1,8.5,0,1,0,0,0,0,0
57,15,2,0,0,1,14.5,0,1,0,0,0,1,0
58,15,2,0,4,1,14.5,1,1,0,1,0,1,0
59,15,2,0,2,1,9.5,1,1,1,1,1,1,1
60,16,2,0,2,1,15.5,0,1,0,1,0,1,0
61,16,2,0,6,1,10.5,0,0,0,1,0,1,0
62,16,1,0,6,-2,9.0,0,1,0,1,1,1,0
63,16,2,0,4,2,9.0,0,1,1,1,1,0,1
64,16,3,0,2,-1,9.5,0,1,0,1,1,1,1
65,15,2,0,0,0,10.0,0,1,1,1,1,0,0
66,16,2,0,2,-1,15.5,0,1,1,1,0,1,0
67,15,4,0,4,0,13.0,1,1,0,0,0,1,0
68,16,4,0,4,0,7.0,0,1,0,1,1,1,1
69,15,2,0,2,1,8.5,0,0,1,1,1,1,1
70,15,4,0,12,0,16.0,0,0,1,1,0,1,0
71,16,4,0,0,2,14.0,1,1,0,1,0,1,0
72,15,4,0,0,0,10.0,1,1,0,1,0,0,0
73,15,2,2,2,-2,7.0,0,0,0,1,1,1,1
74,16,1,0,2,0,12.0,1,1,0,1,0,0,0
75,16,2,0,54,1,11.5,0,1,0,1,1,1,0
76,15,2,0,6,0,9.0,1,1,0,1,0,1,0
77,15,4,0,8,0,11.0,1,1,0,1,0,0,0
78,16,4,0,0,0,11.0,0,1,0,1,0,0,0
79,17,1,3,2,0,8.0,1,1,0,1,1,1,0
80,16,2,0,12,0,5.0,0,1,0,1,0,1,1
81,15,1,0,2,2,11.0,1,1,0,1,1,1,0
82,15,3,0,4,-1,10.5,1,1,0,1,1,0,0
83,15,2,0,10,-1,6.5,0,1,1,1,0,1,1
84,15,2,0,4,0,15.0,1,1,1,1,0,0,0
85,15,2,0,2,1,9.5,0,1,0,1,0,1,0
86,15,2,2,6,2,8.0,0,1,0,1,0,0,1
87,16,2,0,4,-1,7.5,0,1,1,1,0,1,1
88,15,3,0,4,1,13.5,0,1,0,1,0,1,0
89,16,2,1,12,-1,10.5,1,1,0,1,0,0,0
90,16,2,0,18,-2,7.0,1,1,1,0,0,1,1
91,16,3,0,0,0,7.0,0,1,0,1,0,1,1
92,15,1,0,4,1,16.5,0,1,0,1,0,0,0
93,16,2,0,4,-1,6.5,0,1,1,1,1,1,1
94,16,2,0,0,-1,10.5,0,1,0,1,0,1,0
95,15,4,0,6,2,12.0,1,1,1,1,0,1,0
96,15,4,1,2,3,8.5,0,0,0,1,1,1,0
97,16,1,0,2,4,13.0,1,0,0,1,1,1,0
98,16,2,0,2,1,8.5,0,1,0,1,0,1,0
99,16,1,0,6,3,12.5,0,1,0,1,0,0,0
100,16,3,0,0,2,8.0,0,1,0,1,1,1,1
101,16,1,0,14,0,7.0,1,1,0,1,1,1,1
102,16,3,0,0,1,16.5,1,1,0,1,0,1,0
103,15,1,0,4,3,11.5,1,1,0,1,0,1,0
104,15,2,0,26,-1,6.5,0,1,0,1,1,1,1
105,15,2,0,0,2,17.0,1,1,0,0,0,1,0
106,15,4,0,10,1,10.5,0,1,0,0,1,0,0
107,15,4,0,8,1,7.5,0,1,0,1,1,1,1
108,16,3,0,2,2,17.0,1,1,0,1,0,1,0
109,15,4,0,6,3,11.5,1,0,0,1,0,1,0
110,16,3,0,4,1,14.5,0,1,1,1,0,1,0
111,15,1,0,6,1,18.5,1,1,1,0,0,0,0
112,16,3,1,0,3,8.5,0,0,0,1,1,1,0
113,16,2,1,6,3,11.5,0,1,0,1,1,0,0
114,15,1,0,10,1,18.5,1,1,1,1,0,0,0
115,15,2,0,8,0,9.0,1,0,0,1,0,0,1
116,16,2,0,2,0,15.0,1,1,0,1,0,1,0
117,15,2,0,2,2,12.0,1,1,0,1,0,1,0
118,16,1,0,0,1,13.5,1,1,0,1,0,0,0
119,17,2,1,20,-2,8.0,1,0,0,1,0,1,1
120,15,1,0,6,-1,13.5,1,1,0,1,0,0,0
121,15,2,0,2,-1,15.5,0,1,0,1,0,0,0
122,15,4,0,6,-2,15.0,1,1,0,1,0,1,0
123,16,2,0,2,0,13.0,0,1,1,1,0,1,0
124,16,1,0,18,-3,12.5,1,1,0,1,0,1,0
125,16,2,0,0,-1,7.5,0,1,0,1,0,0,1
126,15,1,0,0,0,13.0,1,1,0,1,1,0,0
127,15,2,0,0,3,8.5,0,1,1,0,1,0,0
128,19,2,3,2,1,7.5,0,1,0,1,0,1,1
129,18,1,2,0,-3,5.5,1,0,0,1,0,1,1
130,16,1,0,8,0,18.0,1,0,0,1,0,0,0
131,15,3,2,0,-12,6.0,0,0,0,1,0,1,1
132,15,1,0,0,-8,4.0,0,1,0,1,0,1,1
133,17,1,0,12,3,11.5,0,1,1,1,0,1,0
134,16,1,0,16,-1,11.5,0,1,0,0,0,0,0
135,15,2,0,0,-9,4.5,1,0,0,1,0,1,1
136,15,3,0,0,-11,5.5,0,1,0,1,0,1,1
137,17,2,0,0,-10,5.0,1,0,0,1,0,0,1
138,16,1,2,0,-4,2.0,0,1,0,0,0,1,1
139,16,2,1,0,-2,13.0,1,1,1,1,0,0,0
140,15,1,0,0,0,16.0,0,1,0,1,0,0,0
141,15,4,0,0,2,8.0,1,1,0,1,1,1,1
142,16,1,2,8,0,9.0,1,1,1,1,0,1,1
143,15,3,0,2,2,10.0,0,1,0,1,0,1,0
144,16,1,0,2,0,14.0,0,1,1,1,0,0,0
145,17,1,3,0,-5,2.5,1,1,0,1,0,1,1
146,15,2,0,0,3,9.5,0,1,0,1,0,1,0
147,15,2,3,0,1,6.5,0,1,0,1,0,1,1
148,15,2,0,2,1,10.5,0,1,0,1,0,1,0
149,16,1,0,0,-1,6.5,1,1,0,1,0,1,1
150,15,1,3,0,1,8.5,1,1,1,0,0,0,0
151,18,1,3,0,-1,5.5,1,1,1,1,0,0,1
152,16,1,1,6,1,12.5,1,1,1,1,0,0,0
153,15,3,2,8,0,10.0,0,0,0,1,0,1,0
154,19,1,3,0,-5,2.5,1,1,0,1,0,1,1
155,17,1,0,0,0,11.0,0,1,0,1,1,1,0
156,15,2,0,2,-3,9.5,1,0,0,1,1,0,1
157,17,1,0,8,-4,14.0,1,0,1,1,0,0,0
158,18,1,3,6,-1,8.5,0,0,0,1,0,1,0
159,16,1,0,2,-2,16.0,1,0,0,1,0,0,0
160,16,2,1,4,2,11.0,1,1,0,1,0,1,0
161,17,1,2,0,-1,6.5,1,0,1,1,0,0,1
162,15,2,2,6,4,7.0,1,0,0,1,1,1,1
163,16,1,1,0,-7,3.5,1,1,1,1,0,0,1
164,17,1,0,2,0,10.0,1,1,0,1,0,0,0
165,17,2,3,0,3,6.5,1,0,1,1,0,0,1
166,16,1,1,16,-1,11.5,1,1,0,1,0,1,0
167,16,2,0,4,0,10.0,1,1,0,1,0,0,0
168,16,2,0,0,1,14.5,0,1,0,1,0,0,0
169,16,2,0,0,1,6.5,0,1,0,1,0,1,1
170,16,2,0,0,0,14.0,0,1,0,1,0,1,0
171,16,1,2,0,-1,5.5,1,1,0,1,0,1,1
172,16,2,0,2,2,14.0,1,1,0,1,0,1,0
173,17,2,0,0,-2,12.0,1,1,1,1,0,1,0
174,16,2,3,0,-1,7.5,0,1,0,1,0,0,1
175,16,2,0,4,1,10.5,0,1,1,1,0,1,1
176,17,2,0,4,-1,9.5,1,1,1,1,0,0,1
177,16,2,0,2,0,13.0,0,1,0,1,0,0,0
178,17,2,0,4,-1,5.5,1,1,0,1,0,0,1
179,16,1,0,10,-2,9.0,1,0,0,1,0,1,1
180,17,2,0,4,0,10.0,1,1,0,1,0,1,0
181,16,2,0,10,-1,8.5,1,1,0,1,0,1,1
182,16,2,0,2,1,12.5,1,1,0,1,0,0,0
183,17,2,0,0,1,16.5,0,1,0,1,0,1,0
184,17,2,0,56,0,9.0,0,1,1,1,0,1,1
185,16,2,0,14,1,12.5,0,1,0,1,0,1,0
186,17,2,0,12,0,12.0,1,1,0,1,0,1,0
187,16,1,0,2,1,11.5,1,1,0,1,0,1,0
188,16,2,0,0,0,15.0,1,1,1,1,0,0,0
189,17,2,0,6,-1,7.5,0,1,0,0,0,1,1
190,17,2,0,4,1,8.5,1,0,0,1,0,0,0
191,16,2,0,10,1,11.5,0,1,0,1,0,0,0
192,17,2,0,0,0,8.0,0,1,0,1,0,0,1
193,17,2,0,12,1,7.5,1,1,0,1,0,0,1
194,16,1,0,8,1,8.5,1,0,0,1,0,1,0
195,16,1,0,0,1,13.5,1,1,0,1,0,0,0
196,17,2,0,0,1,14.5,0,1,1,1,0,0,0
197,17,1,0,4,-2,16.0,1,1,0,1,0,0,0
198,16,1,0,8,0,9.0,1,0,1,1,0,1,0
199,17,1,1,24,0,18.0,0,1,0,1,0,1,0
200,16,2,0,0,0,9.0,0,1,1,1,0,1,0
201,16,2,0,2,0,16.0,0,1,0,1,0,1,0
202,16,2,0,6,2,9.0,0,1,0,1,1,1,0
203,17,2,0,4,0,9.0,0,1,0,1,0,1,0
204,17,1,0,18,-1,6.5,0,0,0,1,0,1,1
205,16,4,0,6,0,10.0,0,0,0,1,0,1,0
206,17,3,1,28,-1,9.5,0,1,0,1,0,1,1
207,16,2,3,5,0,7.0,0,1,0,0,0,1,1
208,16,2,0,10,1,11.5,0,1,0,1,0,0,0
209,16,1,0,6,0,9.0,0,1,0,1,0,1,0
210,17,3,0,6,0,7.0,0,0,0,1,0,1,1
211,19,4,0,10,0,8.0,0,1,0,1,0,1,1
212,17,2,0,13,0,12.0,1,1,1,1,0,1,0
213,16,2,0,0,1,12.5,0,1,0,0,1,1,0
214,18,2,1,15,1,6.5,1,1,0,1,0,1,1
215,17,1,0,12,2,9.0,0,0,1,1,0,1,0
216,17,2,0,2,1,14.5,0,1,1,1,0,0,0
217,17,2,2,22,0,6.0,0,1,0,1,0,0,1
218,18,2,1,13,0,6.0,1,1,1,1,0,1,1
219,17,1,0,3,0,7.0,0,1,0,1,0,1,1
220,17,3,0,4,1,9.5,0,1,0,1,0,1,0
221,17,2,0,2,0,6.0,0,0,0,1,0,1,1
222,17,3,1,0,-1,5.5,0,1,0,1,0,1,1
223,16,2,0,2,0,16.0,0,1,0,1,1,0,0
224,18,2,0,0,1,12.5,1,1,0,1,0,1,0
225,16,3,0,0,0,13.0,0,1,0,1,0,1,0
226,18,2,1,16,-1,8.5,0,0,0,1,0,0,1
227,17,2,0,10,-1,15.5,0,1,0,1,0,0,0
228,17,2,0,2,-1,11.5,1,1,1,1,0,1,0
229,18,2,0,14,-2,9.0,1,1,1,1,1,1,1
230,17,3,0,10,-2,11.0,0,1,0,0,0,0,0
231,17,2,0,14,0,13.0,0,1,1,1,0,0,0
232,17,2,0,4,0,11.0,1,0,0,1,0,1,0
233,17,2,0,14,-2,10.0,1,1,0,1,1,1,1
234,16,2,0,2,-1,13.5,1,1,0,1,0,1,0
235,16,2,0,18,-2,8.0,1,1,1,1,0,1,1
236,16,3,0,10,-2,10.0,1,1,0,1,0,0,0
237,17,2,0,4,-1,13.5,1,1,1,1,0,0,0
238,16,1,0,20,-1,12.5,0,1,0,1,0,0,0
239,17,2,0,2,-2,12.0,0,0,0,1,0,0,0
240,18,2,1,0,0,7.0,1,1,0,1,0,0,1
241,17,2,0,14,0,12.0,1,1,1,1,0,0,0
242,17,2,0,2,1,10.5,1,0,1,0,0,1,0
243,16,1,0,0,-6,3.0,1,1,1,1,0,0,1
244,16,1,0,0,-1,12.5,1,1,0,1,0,0,0
245,18,3,0,0,-7,3.5,0,1,0,1,0,1,1
246,16,1,0,6,0,18.0,1,1,0,1,0,0,0
247,17,1,0,4,0,12.0,1,1,0,1,0,0,0
248,22,1,3,16,2,7.0,1,1,0,1,0,0,1
249,18,2,1,8,2,4.0,1,0,1,1,0,1,1
250,16,1,0,0,2,14.0,1,1,0,1,0,0,0
251,18,1,1,0,2,7.0,1,1,0,1,0,0,1
252,16,2,0,6,3,8.5,1,1,0,1,1,1,0
253,18,1,1,4,3,7.5,1,1,0,1,0,0,1
254,16,1,0,0,1,8.5,1,0,0,1,0,0,1
255,17,1,0,0,4,10.0,1,0,0,1,0,0,0
256,17,1,1,2,2,8.0,1,1,1,1,0,1,1
257,17,4,0,6,-2,13.0,0,1,1,1,0,1,0
258,19,2,0,12,0,11.0,1,1,1,0,0,1,0
259,18,2,0,8,-1,14.5,1,1,0,1,0,0,0
260,17,4,0,0,-1,9.5,0,1,1,1,0,0,1
261,18,2,0,21,1,17.5,0,1,0,1,0,1,0
262,18,2,0,2,0,8.0,1,1,0,1,0,1,1
263,18,3,0,1,-1,12.5,1,0,0,1,0,0,0
264,17,3,0,4,-1,9.5,0,1,0,1,0,0,1
265,18,3,0,0,1,9.5,0,1,0,1,0,1,1
266,18,2,0,13,0,17.0,1,0,1,0,0,1,0
267,17,2,0,2,0,9.0,1,1,0,1,0,0,0
268,18,2,0,8,-2,11.0,0,0,0,1,0,0,0
269,18,2,0,10,-1,9.5,1,1,0,1,0,1,0
270,18,2,0,0,-6,3.0,0,0,0,1,0,1,1
271,19,2,2,15,0,9.0,0,1,0,1,0,1,1
272,18,4,0,4,-1,14.5,0,1,0,1,0,1,0
273,18,2,0,2,0,11.0,0,1,1,1,0,1,0
274,17,2,0,2,-1,14.5,1,0,0,1,0,1,0
275,17,2,0,2,0,10.0,0,1,0,1,0,1,0
276,17,2,0,6,0,12.0,0,1,1,1,1,1,0
277,18,2,0,75,-1,9.5,0,0,0,0,0,0,1
278,18,1,0,22,0,9.0,1,1,0,1,0,0,1
279,18,2,1,15,-1,8.5,0,1,0,1,1,1,1
280,18,1,0,8,1,10.5,1,1,1,1,0,0,0
281,17,1,0,30,0,8.0,1,1,1,0,0,0,1
282,17,1,1,19,-2,10.0,1,1,1,0,0,0,0
283,18,4,0,1,0,12.0,0,0,1,1,0,1,0
284,18,2,0,4,1,8.5,0,1,0,1,1,0,0
285,17,2,0,4,-1,9.5,0,1,0,1,0,1,0
286,17,2,0,2,-2,11.0,1,1,0,1,0,0,0
287,18,3,0,5,0,18.0,0,1,0,1,0,1,0
288,17,3,0,6,-1,12.5,0,1,0,1,0,1,0
289,18,3,0,6,-1,14.5,1,1,0,1,0,0,0
290,18,2,0,9,-2,14.0,1,1,1,0,0,1,0
291,18,2,0,11,-1,11.5,1,1,0,1,0,1,0
292,17,3,0,0,0,15.0,0,1,0,1,0,1,0
293,18,2,1,12,0,12.0,0,1,1,1,0,0,0
294,17,4,0,6,0,18.0,0,0,1,1,0,1,0
295,18,3,0,8,-1,13.5,1,0,1,1,0,1,0
296,17,1,0,4,-2,13.0,1,1,0,1,0,1,0
297,19,2,0,0,-1,9.5,0,1,0,1,0,1,1
298,18,2,0,10,-2,9.0,0,1,1,1,0,1,1
299,18,4,0,0,-1,13.5,0,1,0,1,0,1,0
300,18,1,0,5,-1,15.5,1,1,1,1,0,1,0
301,18,2,0,14,-2,11.0,0,1,1,0,0,1,0
302,17,1,0,0,0,11.0,1,1,1,1,0,0,0
303,17,3,0,0,-3,13.5,0,1,0,1,0,1,0
304,17,4,0,0,0,17.0,0,1,0,1,0,1,0
305,19,2,1,20,-1,14.5,1,1,0,1,0,1,0
306,18,2,1,8,-2,13.0,0,1,0,1,0,1,0
307,20,1,0,0,1,17.5,1,1,0,0,0,0,0
308,19,1,1,38,1,8.5,1,1,0,1,0,1,1
309,19,2,1,0,-3,13.5,1,0,0,1,0,0,0
310,19,2,1,18,-2,11.0,0,1,1,1,1,1,0
311,19,2,1,0,0,9.0,0,1,1,1,0,0,1
312,19,2,0,20,-2,13.0,0,1,0,1,0,1,0
313,19,2,1,3,-2,12.0,1,1,0,1,0,0,0
314,19,2,1,22,-3,11.5,0,1,1,1,0,1,0
315,19,3,2,14,-2,14.0,0,1,0,1,0,0,0
316,19,3,1,40,-2,12.0,0,0,0,1,0,0,0
317,18,2,0,0,0,8.0,0,1,0,1,0,1,1
318,18,3,0,9,1,9.5,0,1,0,1,0,1,1
319,17,3,0,0,0,11.0,0,0,0,1,0,1,0
320,18,2,0,2,0,11.0,0,1,0,1,0,1,0
321,17,2,0,23,0,13.0,0,1,0,0,0,1,0
322,17,2,0,12,-2,10.0,0,1,0,1,0,1,1
323,17,3,0,3,0,11.0,0,0,1,1,0,1,0
324,17,3,0,1,2,13.0,0,1,0,1,0,1,0
325,17,3,0,0,-1,15.5,0,1,1,1,0,0,0
326,18,3,0,3,3,10.5,1,1,0,1,0,0,0
327,17,1,0,3,1,14.5,1,1,0,1,0,0,0
328,17,1,0,8,-1,10.5,1,0,0,1,0,1,0
329,17,3,0,7,-1,9.5,0,1,0,1,0,1,1
330,17,3,0,4,0,14.0,0,1,0,1,0,1,0
331,18,4,0,2,-1,8.5,1,1,1,1,0,1,1
332,17,3,0,7,2,13.0,0,0,0,1,0,1,0
333,18,2,0,0,-7,3.5,0,1,0,1,0,0,1
334,18,2,0,0,0,8.0,0,1,1,1,0,0,1
335,18,4,0,0,-1,9.5,0,0,0,1,0,0,1
336,17,3,0,16,-1,15.5,0,1,0,1,0,0,0
337,19,3,1,12,-1,13.5,0,0,0,0,0,0,0
338,17,2,0,0,1,7.5,0,1,0,1,0,1,1
339,18,4,0,7,-1,15.5,0,1,1,1,0,1,0
340,17,2,0,4,1,9.5,0,0,0,0,0,1,0
341,19,3,1,4,1,11.5,0,1,0,1,0,0,0
342,18,2,1,0,0,10.0,1,1,0,1,0,1,1
343,18,2,0,11,-1,15.5,1,1,1,1,0,0,0
344,17,2,1,0,-1,8.5,0,1,0,0,0,1,1
345,18,3,0,4,-1,10.5,0,1,0,1,0,1,0
346,18,3,0,7,0,13.0,0,1,0,1,0,0,0
347,18,3,0,9,-1,15.5,1,0,0,1,0,0,0
348,18,3,0,0,0,10.0,1,1,0,1,0,1,1
349,17,3,0,0,2,14.0,0,1,0,1,0,1,0
350,18,1,1,10,2,12.0,1,0,0,1,0,1,0
351,19,2,3,8,-1,7.5,1,0,0,1,0,0,1
352,17,2,0,2,0,13.0,1,1,0,1,0,1,0
353,18,1,1,7,-1,7.5,1,1,1,1,0,0,1
354,19,1,1,4,0,8.0,1,0,0,1,0,1,1
355,17,2,0,4,-2,12.0,1,0,0,1,0,1,0
356,18,2,0,0,-1,9.5,0,1,0,1,0,1,1
357,17,2,0,4,1,12.5,0,0,0,1,0,1,0
358,17,2,0,2,0,12.0,0,1,1,0,0,0,0
359,18,1,0,4,0,10.0,1,1,1,1,0,0,0
360,18,3,0,0,-2,17.0,0,1,1,1,0,0,0
361,18,2,0,0,0,13.0,0,0,1,0,0,0,0
362,18,2,1,2,-1,12.5,1,0,1,1,0,0,0
363,18,2,0,0,0,11.0,0,1,0,1,0,1,0
364,17,2,0,0,-1,15.5,0,1,1,1,0,1,0
365,17,2,0,0,-1,11.5,0,0,0,1,0,0,0
366,18,2,0,4,0,10.0,1,0,0,1,0,1,0
367,18,3,0,0,0,13.0,1,1,1,1,0,0,0
368,17,1,1,0,-1,6.5,0,0,0,1,0,1,1
369,18,1,0,0,-1,10.5,0,1,0,1,0,1,0
370,18,2,0,10,-2,13.0,0,0,0,1,0,1,0
371,19,2,2,4,0,7.0,0,1,1,1,0,0,1
372,18,1,0,3,-2,13.0,1,0,1,1,0,1,0
373,17,3,0,8,-2,12.0,0,1,0,1,0,0,0
374,17,1,0,14,-1,5.5,0,0,0,1,0,0,1
375,18,3,0,0,-1,18.5,0,0,1,1,0,0,0
376,18,3,0,2,0,8.0,0,0,0,1,0,0,0
377,20,3,2,4,-1,14.5,0,1,0,1,0,1,0
378,18,2,0,4,1,8.5,0,0,1,1,0,0,0
379,18,2,0,0,0,15.0,0,1,0,1,0,0,0
380,17,2,0,17,0,10.0,0,0,0,1,0,1,0
381,18,2,0,4,-1,14.5,1,1,0,1,0,0,0
382,18,1,0,5,-1,6.5,1,0,0,1,0,0,1
383,17,2,0,2,0,11.0,1,1,0,1,0,0,0
384,19,1,1,0,-1,5.5,1,0,0,1,0,0,1
385,18,1,1,14,-1,5.5,1,0,0,1,0,0,1
386,18,3,0,2,-1,9.5,0,0,0,1,0,0,0
387,18,1,0,7,-1,5.5,0,0,0,1,0,1,1
388,19,3,1,0,-2,6.0,0,0,0,1,0,0,1
389,18,2,0,0,2,8.0,0,1,1,1,0,1,1
390,18,2,1,0,-1,5.5,0,1,0,1,0,0,1
391,20,2,2,11,0,9.0,1,1,1,0,0,1,1
392,17,1,0,3,2,15.0,1,1,1,1,0,0,0
393,21,1,3,3,-2,9.0,1,0,0,1,0,0,1
394,18,1,0,0,1,11.5,1,0,1,1,0,0,0
395,19,1,0,5,1,8.5,1,1,1,1,0,0,1
1000,18,2,0,4,11,5.5,0,1,0,0,1,0,0
1001,17,2,0,2,2,10.0,0,1,0,1,0,1,0
1002,15,2,0,6,1,12.5,0,1,1,1,1,0,0
1003,15,3,0,0,0,14.0,0,1,0,1,0,1,0
1004,16,2,0,0,2,12.0,0,1,0,1,0,1,0
1005,16,2,0,6,0,12.0,1,1,1,1,0,1,0
1006,16,2,0,0,-1,12.5,1,1,1,1,0,0,0
1007,17,2,0,2,3,11.5,0,1,0,0,1,1,0
1008,15,2,0,0,1,15.5,1,1,1,0,0,1,0
1009,15,2,0,0,0,12.0,1,1,0,1,0,1,0
1010,15,2,0,2,0,14.0,0,1,0,1,0,1,0
1011,15,3,0,0,2,11.0,0,1,0,1,0,1,0
1012,15,1,0,0,1,12.5,1,1,1,1,0,1,0
1013,15,2,0,0,0,12.0,1,1,0,1,0,1,0
1014,15,3,0,0,0,14.0,1,1,0,0,0,1,0
1015,16,1,0,6,0,17.0,0,1,0,1,0,1,0
1016,16,3,0,10,0,13.0,0,1,0,1,0,1,0
1017,16,2,0,2,1,13.5,0,1,0,1,1,1,0
1018,17,1,3,2,0,8.0,1,1,0,1,0,1,1
1019,16,1,0,6,0,12.0,1,1,1,1,0,0,0
1020,15,2,0,0,1,12.5,1,1,0,1,0,0,0
1021,15,1,0,0,1,11.5,1,1,0,1,0,1,0
1022,16,2,0,0,1,12.5,1,1,1,1,0,0,0
1023,16,2,0,2,0,10.0,1,1,1,1,0,1,0
1024,15,3,0,2,1,10.5,0,0,0,1,1,1,0
1025,16,1,0,6,1,10.5,0,1,0,1,0,1,0
1026,15,1,0,8,1,11.5,1,1,0,1,0,1,0
1027,15,1,0,0,0,11.0,1,1,0,1,0,0,0
1028,16,2,0,2,0,12.0,1,1,1,0,1,1,0
1029,16,2,0,4,-1,11.5,1,1,0,1,0,1,0
1030,15,2,0,0,1,10.5,1,1,0,1,0,1,0
1031,15,2,0,2,0,15.0,1,1,0,1,0,1,0
1032,15,2,0,0,1,13.5,1,0,0,1,0,1,0
1033,15,2,0,0,-1,12.5,1,1,1,1,0,0,0
1034,16,1,0,4,0,12.0,1,1,0,1,0,1,0
1035,15,1,0,4,0,11.0,0,1,0,1,0,1,0
1036,15,3,0,0,0,14.0,1,1,1,1,0,1,0
1037,16,3,0,4,0,13.0,1,0,0,0,0,1,0
1038,15,3,0,2,1,11.5,0,0,0,1,1,1,0
1039,15,1,0,8,-1,13.5,0,0,0,1,1,1,0
1040,16,2,0,16,0,11.0,0,1,1,1,0,1,0
1041,15,1,0,8,1,10.5,1,1,1,1,0,1,0
1042,15,2,0,0,1,14.5,1,1,0,1,0,1,0
1043,15,1,0,0,1,9.5,1,1,0,1,1,1,0
1044,16,2,1,14,1,10.5,0,1,1,1,1,0,0
1045,15,2,0,4,1,10.5,0,1,1,0,1,1,0
1046,16,2,0,6,-1,12.5,0,1,1,0,0,1,0
1047,16,4,0,2,0,17.0,1,1,0,1,0,0,0
1048,15,2,0,4,1,11.5,1,1,0,1,0,1,0
1049,15,2,0,2,-1,12.5,0,1,0,1,1,1,0
1050,16,2,0,0,-1,13.5,0,1,1,1,0,1,0
1051,15,2,0,0,-2,15.0,0,1,1,1,0,1,0
1052,15,1,0,4,-1,9.5,1,1,1,0,0,0,1
1053,15,1,0,0,-1,12.5,0,1,0,1,1,1,0
1054,15,1,0,0,-1,12.5,0,1,1,0,0,0,0
1055,16,2,0,2,1,12.5,0,1,0,0,0,0,0
1056,15,2,0,0,-1,14.5,0,1,0,0,0,1,0
1057,15,2,0,8,0,15.0,1,1,0,1,0,1,0
1058,15,2,0,0,-1,13.5,1,1,1,1,1,1,0
1059,16,2,0,2,-1,15.5,0,1,0,1,0,1,0
1060,16,2,0,0,-1,16.5,0,0,0,1,0,1,0
1061,16,1,0,0,0,10.0,0,1,0,1,1,1,0
1062,16,2,0,0,0,13.0,0,1,1,1,1,0,0
1063,16,3,0,0,-1,13.5,0,1,0,1,1,1,0
1064,15,2,0,0,-1,12.5,0,1,1,1,1,0,0
1065,16,2,0,2,-1,15.5,0,1,1,1,0,1,0
1066,15,4,0,0,1,11.5,1,1,0,0,0,1,0
1067,16,4,0,0,-1,9.5,0,1,0,1,1,1,0
1068,15,2,0,0,-1,10.5,0,0,1,1,1,1,0
1069,15,4,0,6,0,15.0,0,0,1,1,0,1,0
1070,16,4,0,2,-2,12.0,1,1,0,1,0,1,0
1071,15,4,0,0,-2,10.0,1,1,0,1,0,0,0
1072,15,2,0,2,-2,12.0,0,0,0,1,1,1,0
1073,16,1,0,0,0,13.0,1,1,0,1,0,0,0
1074,16,2,0,4,0,11.0,0,1,0,1,1,1,0
1075,15,2,0,0,0,11.0,1,1,0,1,0,1,0
1076,15,4,0,0,-1,11.5,1,1,0,1,0,0,0
1077,16,4,0,1,0,13.0,0,1,0,1,0,0,0
1078,17,1,3,0,0,9.0,1,1,0,1,1,1,0
1079,16,2,0,14,-1,11.5,0,1,0,1,0,1,0
1080,15,1,0,0,0,11.0,1,1,0,1,1,1,0
1081,15,3,0,2,-1,9.5,1,1,0,1,1,0,1
1082,15,2,0,4,-1,11.5,0,1,1,1,0,1,0
1083,15,2,0,2,-1,12.5,1,1,1,1,0,0,0
1084,15,2,0,2,-1,12.5,0,1,0,1,0,1,0
1085,15,2,0,4,-1,11.5,0,1,0,1,0,0,0
1086,16,2,0,6,-2,12.0,0,1,1,1,0,1,0
1087,15,3,0,4,0,15.0,0,1,0,1,0,1,0
1088,16,2,0,6,-2,11.0,1,1,0,1,0,0,0
1089,16,2,0,6,0,9.0,1,1,1,0,0,1,0
1090,16,3,0,2,2,10.0,0,1,0,1,0,1,0
1091,15,1,0,6,-1,13.5,0,1,0,1,0,0,0
1092,16,2,0,0,1,12.5,0,1,1,1,1,1,0
1093,16,2,0,2,1,13.5,0,1,0,1,0,1,0
1094,15,4,0,2,1,11.5,1,1,1,1,0,1,0
1095,15,4,0,4,0,13.0,0,0,0,1,1,1,0
1096,16,1,0,6,2,10.0,1,0,0,1,1,1,0
1097,16,2,0,0,-1,12.5,0,1,0,1,0,1,0
1098,16,1,0,4,1,12.5,0,1,0,1,0,0,0
1099,16,3,0,2,1,12.5,0,1,0,1,1,1,0
1100,16,1,0,12,0,9.0,1,1,0,1,1,1,1
1101,16,3,0,0,0,16.0,1,1,0,1,0,1,0
1102,15,1,0,2,1,12.5,1,1,0,1,0,1,0
1103,15,2,0,16,-1,10.5,0,1,0,1,1,1,0
1104,15,2,0,0,0,16.0,1,1,0,0,0,1,0
1105,15,4,0,10,0,10.0,0,1,0,0,1,0,0
1106,15,4,0,4,0,10.0,0,1,0,1,1,1,0
1107,16,3,0,4,1,13.5,1,1,0,1,0,1,0
1108,15,4,0,8,-2,11.0,1,0,0,1,0,1,0
1109,16,3,0,2,0,15.0,0,1,1,1,0,1,0
1110,15,1,0,4,1,13.5,1,1,1,0,0,0,0
1111,16,3,0,4,0,11.0,0,0,0,1,1,1,0
1112,16,2,1,12,2,9.0,0,1,0,1,1,0,0
1113,15,1,0,10,-1,17.5,1,1,1,1,0,0,0
1114,15,2,0,4,-1,9.5,1,0,0,1,0,0,0
1115,16,2,0,6,-2,15.0,1,1,0,1,0,1,0
1116,15,2,0,4,-1,15.5,1,1,0,1,0,1,0
1117,16,1,0,6,0,14.0,1,1,0,1,0,0,0
1118,17,2,1,14,-1,11.5,1,0,0,1,0,1,0
1119,15,1,0,2,-1,13.5,1,1,0,1,0,0,0
1120,15,2,0,0,0,14.0,0,1,0,1,0,0,0
1121,15,4,0,6,-1,13.5,1,1,0,1,0,1,0
1122,16,2,0,2,-2,13.0,0,1,1,1,0,1,0
1123,16,1,0,4,1,12.5,1,1,0,1,0,1,0
1124,16,2,0,0,-1,11.5,0,1,0,1,0,0,0
1125,15,1,0,2,0,9.0,1,1,0,1,1,0,1
1126,15,2,0,0,1,10.5,0,1,1,0,1,0,0
1127,19,2,2,0,1,9.5,0,1,0,1,0,1,0
1128,16,1,0,8,0,14.0,1,0,0,1,0,0,0
1129,16,3,0,4,-1,12.5,1,1,0,1,0,1,0
1130,15,3,0,0,1,10.5,0,0,0,1,0,1,0
1131,18,2,3,10,-1,9.5,0,1,0,1,0,1,1
1132,17,1,0,8,-1,10.5,0,1,1,0,0,1,0
1133,15,1,0,6,1,11.5,0,1,0,1,0,1,0
1134,17,1,0,2,-1,12.5,0,1,1,1,0,1,0
1135,16,1,0,12,-2,14.0,0,1,0,0,0,0,0
1136,16,1,0,4,0,9.0,1,1,0,1,0,0,0
1137,16,1,1,12,-2,12.0,0,1,0,0,0,0,0
1138,15,2,0,2,-1,11.5,1,0,0,1,0,1,0
1139,15,3,0,4,1,13.5,0,1,0,1,0,1,0
1140,17,2,0,2,-1,9.5,1,0,0,1,0,0,0
1141,16,2,0,0,-1,13.5,0,0,0,1,0,1,0
1142,18,1,0,2,0,11.0,1,1,1,1,0,0,0
1143,18,3,0,10,-1,11.5,0,1,0,0,0,1,0
1144,16,1,0,8,-1,11.5,0,0,0,1,0,1,0
1145,16,1,0,4,0,9.0,0,1,0,0,0,1,0
1146,16,2,2,0,0,10.0,1,1,1,1,0,0,0
1147,15,1,0,6,1,13.5,0,1,0,1,0,0,0
1148,15,1,1,2,1,8.5,0,0,0,1,0,0,1
1149,15,4,0,6,2,10.0,1,1,0,1,1,1,0
1150,15,2,0,24,-1,8.5,0,1,0,0,0,0,1
1151,16,3,0,0,-2,14.0,1,1,0,1,0,1,0
1152,16,1,0,4,-1,11.5,1,1,1,1,0,1,0
1153,15,3,0,2,0,13.0,0,1,0,1,0,1,0
1154,16,1,0,4,1,10.5,0,1,1,1,0,0,0
1155,17,1,0,22,-2,8.0,1,1,0,1,0,1,1
1156,15,2,0,0,0,12.0,0,1,0,1,0,1,0
1157,15,1,0,0,-1,10.5,0,1,1,0,0,1,0
1158,15,2,1,2,0,11.0,0,1,0,1,0,1,0
1159,15,2,0,6,-1,12.5,0,1,0,1,0,1,0
1160,15,2,0,6,0,11.0,0,1,0,1,0,0,0
1161,16,1,0,16,0,9.0,1,1,0,1,0,1,1
1162,15,1,0,0,-1,11.5,1,1,1,0,0,0,0
1163,18,1,2,0,-2,10.0,1,1,1,1,0,0,1
1164,16,1,1,6,1,9.5,1,1,1,1,0,0,0
1165,15,3,0,2,0,13.0,0,0,0,1,0,1,0
1166,19,1,0,6,-2,10.0,1,1,0,1,0,1,0
1167,17,1,0,0,0,13.0,0,1,0,1,1,1,0
1168,15,2,0,0,1,7.5,1,0,0,1,1,0,1
1169,17,1,3,14,-1,8.5,1,0,1,1,0,0,0
1170,18,1,3,6,-1,10.5,0,0,0,1,0,1,0
1171,16,1,0,4,-2,11.0,1,0,0,1,0,0,0
1172,16,2,1,0,0,10.0,1,1,0,1,0,1,1
1173,16,1,2,0,-1,8.5,1,1,1,1,0,0,0
1174,17,1,1,8,0,8.0,1,0,1,1,0,0,1
1175,17,2,2,4,-1,6.5,1,0,0,1,1,1,1
1176,15,1,0,2,1,8.5,1,1,1,1,0,0,0
1177,16,1,1,2,-1,8.5,1,1,0,1,0,0,1
1178,17,2,0,0,0,8.0,1,0,1,1,0,0,1
1179,17,1,3,10,-1,7.5,1,1,0,1,0,1,1
1180,16,2,0,0,1,9.5,1,1,0,1,0,0,0
1181,16,2,0,0,0,17.0,0,1,0,1,0,0,0
1182,16,2,0,0,0,12.0,0,1,0,1,0,1,0
1183,16,2,0,0,0,16.0,0,1,0,1,0,1,0
1184,16,1,1,4,0,9.0,1,1,0,1,0,1,0
1185,16,2,0,0,1,16.5,1,1,0,1,0,1,0
1186,17,2,0,0,-2,10.0,1,1,1,1,0,1,0
1187,16,2,0,0,-1,13.5,0,1,0,1,0,0,0
1188,16,2,0,0,0,14.0,0,1,1,1,0,1,0
1189,17,2,0,0,1,10.5,1,1,1,1,0,0,0
1190,16,2,0,0,-1,12.5,0,1,0,1,0,0,0
1191,17,2,0,4,-2,10.0,1,1,0,1,0,0,0
1192,16,1,0,8,-1,9.5,1,0,0,1,0,1,0
1193,17,2,0,4,0,11.0,1,1,0,1,0,1,0
1194,16,2,0,4,-1,10.5,1,1,0,1,0,1,0
1195,16,2,0,0,1,11.5,1,1,0,1,0,0,0
1196,17,2,0,0,1,17.5,0,1,0,1,0,1,0
1197,17,2,0,32,-1,13.5,0,1,1,1,0,1,0
1198,16,2,0,8,1,14.5,0,1,0,1,0,1,0
1199,17,2,0,6,2,12.0,1,1,0,1,0,1,0
1200,16,1,0,0,-1,9.5,1,1,0,1,0,1,0
1201,16,2,0,0,1,13.5,1,1,1,1,0,0,0
1202,17,2,0,10,1,12.5,0,1,0,0,0,1,0
1203,17,2,0,6,0,9.0,1,0,0,1,0,0,0
1204,16,2,0,6,0,12.0,0,1,0,1,0,0,0
1205,17,2,0,0,-1,11.5,0,1,0,1,0,0,0
1206,17,2,0,16,1,10.5,1,1,0,1,0,0,0
1207,16,1,0,0,-1,10.5,1,0,0,1,0,1,0
1208,16,1,0,0,-1,12.5,1,1,0,1,0,0,0
1209,17,2,0,8,1,14.5,0,1,1,1,0,0,0
1210,17,1,0,4,0,13.0,1,1,0,1,0,0,0
1211,16,1,0,16,1,10.5,1,0,1,1,0,1,0
1212,17,1,1,30,1,14.5,0,1,0,1,0,1,0
1213,16,2,0,0,-1,10.5,0,1,1,1,0,1,0
1214,16,2,0,2,0,14.0,0,1,0,1,0,1,0
1215,16,2,0,4,1,11.5,0,1,0,1,1,1,0
1216,17,2,0,0,1,14.5,0,1,0,1,0,1,0
1217,17,1,0,21,0,13.0,0,0,0,1,0,1,0
1218,16,4,0,6,0,13.0,0,0,0,1,0,1,0
1219,17,3,1,14,1,8.5,0,1,0,1,0,1,1
1220,16,2,0,2,0,11.0,0,1,0,0,0,1,0
1221,16,2,0,4,1,14.5,0,1,0,1,0,0,0
1222,16,1,0,2,1,12.5,0,1,0,1,0,1,0
1223,17,3,0,0,1,11.5,0,0,0,1,0,1,0
1224,19,4,0,4,0,12.0,0,1,0,1,0,1,0
1225,17,2,0,15,-1,12.5,1,1,1,1,0,1,0
1226,16,2,0,0,0,13.0,0,1,0,0,1,1,0
1227,18,2,0,10,-1,11.5,1,1,0,1,0,1,0
1228,17,1,0,6,-1,11.5,0,0,1,1,0,1,0
1229,17,2,0,2,2,15.0,0,1,1,1,0,0,0
1230,17,2,0,16,-2,10.0,0,1,0,1,0,0,0
1231,18,2,0,10,0,10.0,1,1,1,1,0,1,0
1232,17,1,0,4,1,12.5,0,1,0,1,0,1,0
1233,17,3,0,0,0,12.0,0,1,0,1,0,1,0
1234,17,2,0,0,-1,10.5,0,0,0,1,0,1,0
1235,17,3,0,12,0,12.0,0,1,0,1,0,1,0
1236,16,2,0,0,0,13.0,0,1,0,1,1,0,0
1237,18,2,3,9,-1,9.5,1,1,0,1,0,1,0
1238,16,3,0,4,1,15.5,0,1,0,1,0,1,0
1239,18,2,0,4,0,8.0,0,0,0,1,0,0,1
1240,17,2,0,2,1,17.5,0,1,0,1,0,0,0
1241,17,2,0,0,1,10.5,1,1,1,1,0,1,0
1242,18,2,0,2,1,9.5,1,1,1,1,1,1,0
1243,17,3,0,0,0,15.0,0,1,0,0,0,0,0
1244,17,2,0,0,-2,13.0,0,1,1,1,0,0,0
1245,17,2,0,0,1,12.5,1,0,0,1,0,1,0
1246,17,2,0,0,0,13.0,1,1,0,1,1,1,0
1247,16,2,0,0,0,13.0,1,1,0,1,0,1,0
1248,16,2,0,2,0,9.0,1,1,1,1,0,1,1
1249,16,3,0,0,0,12.0,1,1,0,1,0,0,0
1250,17,2,0,0,0,16.0,1,1,1,1,0,0,0
1251,16,1,0,4,1,9.5,0,1,0,1,0,0,0
1252,16,2,0,0,-1,13.5,0,1,0,0,0,0,0
1253,18,2,1,18,0,10.0,0,1,1,0,0,1,0
1254,18,2,1,16,-1,8.5,0,1,1,1,0,1,0
1255,18,1,1,14,-1,7.5,0,1,0,1,0,0,1
1256,18,1,1,26,1,7.5,1,1,0,1,0,1,1
1257,17,1,0,6,-2,9.0,1,1,0,1,0,1,1
1258,17,2,0,4,0,14.0,0,1,0,1,0,0,0
1259,17,3,0,10,-1,10.5,0,1,1,1,0,1,0
1260,16,1,0,4,-1,11.5,0,1,0,1,0,0,0
1261,17,2,0,2,0,13.0,0,0,0,1,0,0,0
1262,17,1,1,14,0,9.0,0,0,1,0,0,1,1
1263,18,2,0,16,-1,7.5,1,1,0,1,0,0,1
1264,17,1,1,8,-2,10.0,0,1,1,0,0,1,0
1265,17,3,0,4,-1,14.5,0,0,1,1,0,0,0
1266,17,2,0,4,-1,14.5,0,1,1,0,0,1,0
1267,17,2,0,8,0,15.0,1,1,1,1,0,0,0
1268,17,2,0,0,0,12.0,1,0,1,0,0,1,0
1269,16,1,0,7,0,14.0,1,1,1,1,0,0,0
1270,16,1,0,4,1,14.5,1,1,0,1,0,0,0
1271,17,2,0,2,0,11.0,0,1,0,1,0,1,0
1272,17,3,0,2,1,13.5,1,0,0,1,0,0,0
1273,17,3,0,10,0,11.0,0,1,0,1,0,1,0
1274,17,2,0,10,-1,9.5,0,1,0,1,1,0,0
1275,18,3,0,10,-2,11.0,0,1,0,1,0,1,0
1276,16,1,0,7,1,15.5,1,1,0,1,0,0,0
1277,17,2,0,4,-1,10.5,0,1,0,1,0,1,0
1278,17,1,0,2,3,10.5,1,1,0,1,0,0,0
1279,22,1,3,12,1,7.5,1,1,0,1,0,0,1
1280,18,2,0,8,-1,9.5,1,0,1,1,0,1,0
1281,16,1,0,0,1,11.5,1,1,0,1,0,0,0
1282,18,1,0,8,1,7.5,1,1,0,1,0,0,1
1283,16,2,1,4,2,10.0,1,1,0,1,1,1,0
1284,18,1,2,4,1,7.5,1,1,0,1,0,0,1
1285,16,1,0,2,-1,13.5,1,0,0,1,0,0,0
1286,17,1,0,0,0,12.0,1,0,0,1,0,0,0
1287,17,1,1,0,1,9.5,1,1,1,1,0,1,0
1288,18,2,0,2,0,12.0,0,1,1,0,0,1,0
1289,17,4,0,2,1,14.5,0,1,1,1,0,1,0
1290,19,2,0,0,0,10.0,0,1,0,1,0,1,0
1291,18,2,1,4,-1,10.5,1,1,1,1,0,0,0
1292,17,3,0,2,1,11.5,0,0,0,1,0,1,0
1293,18,3,0,4,1,11.5,0,1,1,1,0,1,0
1294,18,2,0,4,0,11.0,0,0,0,1,1,0,0
1295,19,2,0,4,2,12.0,1,1,1,0,0,1,0
1296,18,2,0,2,0,16.0,1,1,0,1,0,0,0
1297,17,1,0,0,1,9.5,1,0,0,1,0,0,0
1298,17,4,0,2,1,10.5,0,1,1,1,0,0,0
1299,20,2,0,8,2,11.0,0,0,0,1,0,1,0
1300,18,2,0,2,0,15.0,0,1,0,1,0,1,0
1301,18,2,0,2,0,10.0,1,1,0,1,0,1,0
1302,18,3,0,2,1,10.5,1,0,0,1,0,0,0
1303,17,3,0,2,-3,13.5,0,1,0,1,0,0,0
1304,18,3,0,0,1,11.5,0,1,0,1,0,1,0
1305,17,1,0,8,0,8.0,1,1,0,1,0,0,1
1306,18,2,0,6,1,15.5,1,0,1,0,0,1,0
1307,17,2,0,0,0,11.0,1,1,0,1,0,0,0
1308,18,2,0,8,1,10.5,0,0,0,1,0,0,0
1309,18,2,0,4,2,11.0,1,1,0,1,0,1,0
1310,18,2,0,12,1,8.5,0,0,0,1,0,1,0
1311,19,2,0,16,1,11.5,0,1,0,1,0,1,0
1312,18,4,0,10,0,16.0,0,1,0,1,0,1,0
1313,18,2,0,2,0,13.0,0,1,1,1,0,1,0
1314,17,2,0,2,1,16.5,1,0,0,1,0,1,0
1315,18,2,0,8,0,14.0,0,1,0,1,0,1,0
1316,17,2,0,6,1,15.5,0,1,0,1,0,1,0
1317,17,2,0,6,0,12.0,0,1,1,1,1,1,0
1318,18,2,0,15,-3,10.5,0,0,0,0,0,0,0
1319,18,1,0,6,1,11.5,1,1,0,1,0,0,0
1320,18,2,1,2,-2,13.0,0,1,0,1,1,1,0
1321,17,3,0,8,2,14.0,0,1,0,1,0,1,0
1322,19,2,1,0,-1,8.5,0,0,0,1,1,1,0
1323,18,1,0,0,0,10.0,1,1,1,1,0,0,0
1324,18,1,0,10,0,10.0,1,1,0,1,0,0,0
1325,17,1,0,22,0,11.0,1,1,1,0,0,0,0
1326,17,1,0,18,0,13.0,1,1,1,0,0,0,0
1327,18,4,0,2,0,17.0,0,0,1,1,0,1,0
1328,18,2,0,0,1,12.5,0,1,0,1,1,0,0
1329,17,2,0,12,0,12.0,0,1,0,1,0,1,0
1330,18,2,0,10,1,12.5,0,1,0,1,0,0,0
1331,17,2,0,0,0,12.0,1,1,0,1,0,0,0
1332,18,3,0,0,0,18.0,0,1,0,1,0,1,0
1333,17,3,0,0,0,13.0,0,1,0,1,0,1,0
1334,18,3,0,0,1,14.5,1,1,0,1,0,0,0
1335,18,2,0,0,0,17.0,1,1,1,0,0,1,0
1336,18,2,0,2,1,15.5,1,1,0,1,0,1,0
1337,17,3,0,0,1,17.5,0,1,0,1,0,1,0
1338,17,4,0,0,1,18.5,0,0,1,1,0,1,0
1339,18,3,0,0,1,14.5,1,0,1,1,0,1,0
1340,17,1,0,0,1,14.5,1,1,0,1,0,1,0
1341,19,2,0,2,-1,13.5,0,1,0,1,0,1,0
1342,18,2,0,0,1,13.5,0,1,1,1,0,1,0
1343,18,4,0,0,1,16.5,0,1,0,1,0,1,0
1344,18,1,0,0,0,18.0,1,1,1,1,0,1,0
1345,18,2,0,0,1,14.5,0,1,1,0,0,1,0
1346,17,1,0,0,1,12.5,1,1,1,1,0,0,0
1347,17,3,0,0,0,7.0,0,0,0,1,0,1,1
1348,17,3,0,0,0,16.0,0,1,0,1,0,1,0
1349,17,4,0,0,0,18.0,0,1,0,1,0,1,0
1350,19,3,1,0,1,9.5,1,0,1,1,0,0,0
1351,20,1,2,0,1,14.5,1,1,0,0,0,0,0
1352,19,2,0,0,0,10.0,1,0,0,1,0,0,0
1353,18,2,0,2,0,10.0,0,1,0,1,1,1,0
1354,18,2,0,2,0,12.0,0,1,0,1,0,1,0
1355,17,2,0,2,1,11.5,0,1,0,1,0,0,0
1356,17,1,0,2,1,15.5,0,0,0,1,0,0,0
1357,18,3,0,2,1,14.5,0,1,0,1,0,1,0
1358,18,1,0,8,0,12.0,0,1,1,1,0,1,0
1359,17,3,0,2,0,15.0,0,0,0,1,0,1,0
1360,18,2,0,8,1,11.5,0,1,0,1,0,1,0
1361,19,2,0,9,-1,10.5,1,1,0,1,0,1,0
1362,18,2,0,0,-1,11.5,0,1,0,1,0,1,0
1363,18,1,0,4,1,11.5,0,1,0,1,0,1,0
1364,17,1,0,2,1,14.5,0,1,0,1,0,0,0
1365,17,2,0,14,-1,14.5,0,1,0,0,0,1,0
1366,17,2,0,0,0,12.0,0,1,1,0,1,1,0
1367,17,2,0,2,1,11.5,0,1,1,1,0,0,0
1368,18,1,0,2,1,8.5,1,1,1,1,0,1,0
1369,19,3,0,12,0,10.0,0,1,0,1,0,0,0
1370,19,2,2,2,0,8.0,0,1,1,0,0,1,1
1371,18,1,0,2,0,10.0,0,1,0,1,0,1,0
1372,17,2,0,4,-1,13.5,0,1,0,1,0,1,0
1373,17,3,0,0,0,11.0,0,0,1,1,0,1,0
1374,17,3,0,0,1,17.5,0,1,0,1,0,1,0
1375,17,3,0,0,0,14.0,0,1,1,1,0,0,0
1376,18,3,0,0,0,14.0,0,1,0,1,0,0,0
1377,18,3,0,0,1,13.5,1,1,0,1,0,0,0
1378,17,1,0,0,1,17.5,1,1,0,1,0,0,0
1379,17,1,0,2,-1,10.5,1,0,0,1,0,1,0
1380,17,3,0,0,-1,12.5,0,1,0,1,0,1,0
1381,17,3,0,4,-1,14.5,0,1,0,1,0,1,0
1382,17,1,0,2,1,11.5,0,1,0,1,0,1,0
1383,18,4,0,0,0,11.0,1,1,1,1,0,1,0
1384,19,1,0,0,-1,10.5,1,0,0,1,0,1,0
1385,18,2,0,2,-1,9.5,0,1,0,1,0,0,0
1386,17,3,0,0,0,15.0,0,0,0,1,0,1,0
1387,18,1,0,6,-1,14.5,1,1,0,1,0,0,0
1388,18,2,0,8,1,10.5,0,1,0,1,0,0,0
1389,18,2,0,0,-1,9.5,0,1,1,1,0,0,0
1390,18,4,0,6,-1,13.5,0,0,0,1,0,0,0
1391,17,3,0,8,2,12.0,0,1,0,1,0,0,0
1392,17,2,0,0,1,12.5,0,1,0,1,0,1,0
1393,18,4,0,4,0,14.0,0,1,1,1,0,1,0
1394,17,2,0,0,0,14.0,0,0,0,0,0,1,0
1395,18,2,0,0,0,12.0,1,1,0,1,0,1,0
1396,18,2,0,6,0,16.0,1,1,1,1,0,0,0
1397,17,2,0,18,2,11.0,0,1,0,0,0,1,0
1398,18,3,0,0,1,11.5,0,1,0,1,0,1,0
1399,18,3,0,4,2,15.0,0,1,0,1,0,0,0
1400,18,3,0,4,-1,14.5,1,0,0,1,0,0,0
1401,18,3,0,0,-1,13.5,1,1,0,1,0,1,0
1402,17,3,0,0,1,11.5,0,1,0,1,0,1,0
1403,17,2,0,10,3,13.5,0,1,0,1,0,1,0
1404,17,2,0,4,4,14.0,0,1,0,1,0,1,0
1405,19,1,1,16,1,10.5,0,1,1,0,0,0,0
1406,17,1,1,6,3,11.5,0,1,0,1,0,1,0
1407,21,3,2,0,3,10.5,0,1,1,1,0,0,0
1408,18,2,0,11,2,10.0,1,1,1,1,0,1,0
1409,18,2,0,9,1,13.5,1,1,1,0,0,0,0
1410,17,2,0,0,4,15.0,0,1,0,1,0,1,0
1411,17,3,0,2,3,13.5,1,1,1,0,0,1,0
1412,18,2,0,0,3,15.5,0,1,1,1,0,1,0
1413,21,2,2,21,1,9.5,1,0,1,1,0,1,0
1414,20,3,0,8,4,13.0,0,0,0,1,0,0,0
1415,19,1,1,5,1,9.5,0,1,0,1,0,1,0
1416,17,2,0,10,2,17.0,1,1,1,0,0,1,0
1417,18,3,0,5,3,15.5,0,1,0,1,0,1,0
1418,18,1,0,13,1,13.5,1,0,0,1,0,0,0
1419,19,1,0,10,4,9.0,1,1,0,1,0,0,0
1420,18,2,0,10,3,15.5,0,1,1,0,0,1,0
1421,20,1,1,5,2,9.0,0,1,0,1,1,0,0
1422,18,2,0,4,3,11.5,0,1,0,1,0,1,0
1423,16,1,0,11,1,10.5,0,1,0,1,0,1,0
1424,16,2,0,0,0,12.0,0,0,0,1,0,1,0
1425,15,1,1,6,0,10.0,0,0,0,1,0,1,0
1426,15,1,0,4,0,10.0,0,0,0,1,0,1,0
1427,16,2,0,0,1,16.5,0,0,0,1,0,0,0
1428,15,1,0,0,2,7.0,0,0,1,1,0,0,1
1429,16,2,0,5,1,10.5,1,0,1,0,0,1,0
1430,16,3,0,0,1,10.5,1,1,0,0,1,0,0
1431,17,2,1,0,0,10.0,0,0,0,1,0,0,0
1432,17,1,1,0,0,6.0,0,0,0,1,0,1,1
1433,15,1,0,0,1,13.5,0,0,0,1,0,0,0
1434,16,4,0,4,-1,9.5,0,1,1,0,0,0,0
1435,15,2,0,0,0,10.0,0,0,1,1,0,1,0
1436,15,1,1,4,1,6.5,0,0,1,1,0,1,1
1437,16,1,0,0,-1,11.5,0,0,0,1,0,1,0
1438,17,1,0,2,1,10.5,0,0,0,1,0,1,0
1439,15,1,0,0,2,15.0,0,0,0,1,0,0,0
1440,16,2,0,0,-7,3.5,1,1,0,1,0,1,1
1441,17,2,0,4,1,8.5,1,1,0,1,0,0,1
1442,15,2,0,0,1,12.5,1,0,1,1,0,1,0
1443,15,2,0,7,2,8.0,1,0,1,1,0,1,1
1444,16,2,0,4,1,9.5,1,0,0,1,0,0,0
1445,15,2,0,8,2,8.0,1,0,0,1,0,1,1
1446,15,2,0,0,0,11.0,1,1,1,1,0,1,0
1447,17,1,0,8,2,9.0,1,0,0,1,0,0,1
1448,16,3,0,6,0,16.0,0,0,0,1,0,0,0
1449,15,1,0,3,2,12.0,0,0,0,1,0,0,0
1450,16,2,0,2,0,15.0,0,0,0,1,0,1,0
1451,16,2,0,0,1,10.5,1,0,0,1,0,0,0
1452,16,2,0,4,1,9.5,0,0,0,1,0,1,0
1453,16,3,1,0,-2,9.0,0,1,0,1,0,1,1
1454,16,3,1,3,-1,8.5,0,1,0,1,0,1,1
1455,15,2,0,0,1,9.5,0,1,0,1,1,1,1
1456,16,2,0,0,1,13.5,0,1,0,1,0,1,0
1457,17,1,0,4,1,10.5,1,0,1,1,0,1,0
1458,16,4,0,0,-3,11.5,0,0,0,1,0,1,0
1459,16,3,0,2,-1,9.5,0,0,0,1,1,1,0
1460,15,2,0,1,-1,10.5,0,0,0,1,0,1,0
1461,16,1,0,0,-1,12.5,0,0,0,1,0,0,0
1462,15,2,0,0,1,13.5,0,0,0,1,0,1,0
1463,15,3,0,2,-3,12.5,0,0,1,1,1,1,0
1464,16,1,0,6,0,11.0,1,0,0,1,0,0,0
1465,18,2,1,9,-1,8.5,0,1,0,1,0,1,1
1466,15,1,0,0,-1,9.5,1,1,0,1,0,1,0
1467,16,2,0,1,-1,13.5,0,0,0,1,0,1,0
1468,15,1,0,1,-1,12.5,1,1,0,1,0,0,0
1469,16,2,0,0,-1,12.5,1,1,0,1,0,1,0
1470,15,2,0,4,-1,12.5,0,0,0,1,0,1,0
1471,16,2,1,2,-1,11.5,0,0,0,1,0,1,0
1472,16,1,0,0,0,14.0,0,0,1,1,0,1,0
1473,16,1,0,4,-2,9.0,1,1,1,1,0,1,0
1474,15,1,0,2,1,10.5,1,0,1,1,0,1,0
1475,15,3,0,0,1,12.5,0,1,0,1,0,1,0
1476,16,1,0,2,-2,9.0,0,0,1,1,0,1,1
1477,15,1,0,11,-2,11.0,1,1,0,1,0,1,0
1478,16,2,3,0,0,7.0,0,0,0,1,1,1,1
1479,17,1,0,4,0,9.0,0,1,0,1,0,1,0
1480,19,1,1,0,0,9.0,0,1,0,1,0,0,0
1481,17,1,0,2,1,9.5,0,0,0,1,0,1,0
1482,15,1,0,0,1,9.5,0,0,1,1,0,1,1
1483,16,2,0,1,1,9.5,0,0,0,1,0,1,0
1484,16,1,0,6,0,7.0,0,1,1,0,0,1,1
1485,17,2,0,0,-1,10.5,0,0,0,1,0,1,0
1486,16,1,1,1,1,9.5,0,1,0,1,0,1,0
1487,18,3,2,6,2,8.0,0,0,1,0,0,1,0
1488,19,3,1,6,2,8.0,0,1,0,1,0,0,1
1489,18,1,1,0,1,8.5,1,0,0,1,0,0,0
1490,18,1,1,4,2,10.0,0,0,0,1,0,0,0
1491,19,2,1,12,1,7.5,0,1,0,1,0,1,1
1492,16,2,0,2,2,9.0,0,0,0,0,0,0,0
1493,17,1,0,5,0,9.0,0,1,0,1,0,0,0
1494,16,2,0,0,1,8.5,0,0,1,1,0,0,1
1495,16,1,0,0,-1,13.5,0,1,0,1,0,0,0
1496,16,1,0,2,0,14.0,0,0,1,1,0,1,0
1497,17,4,1,0,1,10.5,1,1,0,1,0,1,0
1498,16,2,0,0,-1,13.5,0,1,0,1,0,1,0
1499,16,1,0,0,-1,16.5,0,1,0,1,0,1,0
1500,17,1,1,12,1,6.5,1,1,0,1,0,1,1
1501,16,1,0,8,-2,13.0,1,1,1,1,0,0,0
1502,17,4,1,2,-2,9.0,1,0,1,1,0,1,1
1503,16,4,0,0,0,14.0,0,1,0,1,1,1,0
1504,19,3,0,0,1,12.5,0,1,1,1,0,0,0
1505,17,1,0,0,0,11.0,0,0,0,1,0,1,0
1506,20,2,1,8,-2,10.0,0,1,0,1,0,0,0
1507,17,3,0,0,0,11.0,0,1,1,1,0,1,0
1508,17,1,1,0,-1,9.5,1,0,0,1,0,1,1
1509,16,2,0,0,1,16.5,0,0,1,1,0,1,0
1510,17,2,0,0,2,16.0,0,0,0,1,0,1,0
1511,17,2,0,1,-2,10.0,0,1,0,0,0,0,0
1512,18,2,1,9,0,7.0,0,0,0,1,0,1,1
1513,16,1,0,0,-2,7.0,0,1,0,1,0,0,1
1514,16,1,0,2,-1,6.5,0,1,0,1,0,0,1
1515,18,2,0,8,-1,8.5,0,1,1,1,1,0,0
1516,16,2,0,0,2,15.0,0,0,0,1,0,0,0
1517,16,1,0,0,0,14.0,0,0,1,1,0,0,0
1518,18,2,1,8,-3,6.5,0,1,0,0,0,1,1
1519,16,2,0,0,-1,7.5,1,0,0,1,0,0,1
1520,16,2,0,6,2,7.0,0,1,1,1,0,1,1
1521,16,2,0,0,2,9.0,0,0,0,1,0,1,0
1522,16,2,0,4,0,8.0,0,1,0,1,0,1,1
1523,18,4,0,2,1,5.5,1,1,1,1,0,1,1
1524,16,2,0,2,2,8.0,0,0,1,1,0,1,1
1525,17,3,0,0,-1,14.5,1,1,1,1,0,1,0
1526,17,1,0,1,1,13.5,0,0,0,1,0,0,0
1527,16,3,0,0,-1,9.5,1,1,1,1,0,0,0
1528,17,1,0,5,0,9.0,0,0,0,1,0,1,1
1529,16,1,0,1,0,11.0,0,1,1,1,0,1,0
1530,17,1,0,8,3,8.5,1,1,0,1,0,1,1
1531,17,2,0,0,0,10.0,1,1,0,1,0,0,0
1532,16,2,0,2,-2,8.0,1,1,0,1,0,0,1
1533,16,2,0,0,1,14.5,0,1,1,1,0,0,0
1534,16,1,0,0,1,11.5,1,1,1,1,0,1,0
1535,15,2,0,11,2,10.0,1,0,0,1,0,1,0
1536,15,4,0,8,1,13.5,1,1,1,0,0,1,0
1537,15,1,0,11,1,12.5,1,1,1,0,0,0,0
1538,16,3,0,2,0,11.0,0,0,1,1,0,1,0
1539,16,2,0,8,1,9.5,0,1,1,1,0,1,0
1540,17,1,0,5,2,10.0,0,1,0,1,0,0,0
1541,17,2,0,0,-2,10.0,0,0,0,1,1,0,0
1542,16,3,0,1,1,10.5,0,1,0,1,0,1,0
1543,17,1,3,2,0,9.0,1,0,0,1,0,0,1
1544,17,1,0,2,-1,11.5,1,0,1,1,0,0,0
1545,17,2,1,8,1,8.5,1,1,0,1,0,1,1
1546,17,2,0,0,2,14.0,0,1,0,1,0,1,0
1547,16,1,0,0,1,10.5,1,0,1,1,0,0,0
1548,17,2,0,2,-1,10.5,0,1,0,0,0,0,0
1549,17,2,0,0,1,17.5,0,0,0,1,1,1,0
1550,16,2,0,0,1,12.5,1,1,1,0,0,1,0
1551,17,2,0,0,1,13.5,1,1,0,1,0,1,0
1552,19,2,2,2,0,9.0,1,1,0,1,0,1,0
1553,17,1,0,4,0,11.0,1,1,1,0,0,0,0
1554,17,1,0,3,1,10.5,0,0,0,1,0,1,0
1555,16,3,0,5,1,13.5,0,0,0,1,1,1,0
1556,16,1,0,4,1,9.5,1,0,1,1,0,0,0
1557,17,2,3,2,2,8.0,0,0,0,1,0,1,0
1558,17,1,0,0,5,10.5,1,0,0,1,0,0,0
1559,18,1,1,0,0,12.0,1,0,0,1,1,1,0
1560,17,1,0,0,-1,9.5,1,0,0,1,0,1,0
1561,18,2,0,6,-1,9.5,1,1,1,1,0,1,0
1562,16,2,0,0,2,12.0,0,0,1,1,0,0,0
1563,17,1,1,0,-7,3.5,1,1,0,1,0,0,1
1564,16,1,0,2,-2,10.0,1,0,0,1,0,0,0
1565,16,1,0,0,0,10.0,1,0,1,1,0,0,1
1566,18,1,1,2,-2,8.0,1,0,0,1,0,1,1
1567,18,1,1,0,-4,2.0,1,0,0,1,0,0,1
1568,19,1,3,4,5,8.5,1,1,0,1,0,0,1
1569,18,2,2,9,4,6.0,1,1,0,1,0,1,1
1570,16,1,0,6,1,7.5,1,0,0,1,0,1,1
1571,19,1,3,4,1,8.5,1,1,0,1,0,0,1
1572,16,2,2,8,0,5.0,0,1,0,0,0,1,1
1573,17,1,0,9,2,8.0,0,1,0,1,0,1,0
1574,20,1,1,12,3,9.5,1,0,0,1,0,1,0
1575,18,1,0,8,1,10.5,0,0,0,0,0,1,0
1576,18,1,0,8,1,9.5,1,0,0,1,0,1,0
1577,19,2,1,8,-1,9.5,1,0,0,1,0,0,0
1578,17,2,1,4,1,8.5,1,1,0,1,0,1,0
1579,18,1,0,0,1,9.5,1,1,1,1,0,0,1
1580,19,1,1,4,1,8.5,1,0,0,1,0,1,0
1581,18,2,2,2,2,7.0,0,1,0,0,0,1,1
1582,19,1,0,0,2,7.0,0,1,1,0,0,1,1
1583,18,1,1,0,-2,7.0,0,0,0,1,0,0,1
1584,17,1,0,0,1,10.5,0,0,0,1,0,1,0
1585,17,3,0,5,-1,7.5,0,0,1,0,0,1,1
1586,17,2,0,0,0,8.0,0,1,0,1,1,1,1
1587,18,2,1,3,-1,6.5,0,0,1,1,0,1,1
1588,17,1,0,0,2,9.0,0,1,0,1,0,1,1
1589,17,1,0,0,3,8.5,0,1,1,1,0,0,0
1590,18,2,2,3,1,7.5,0,1,0,1,0,0,1
1591,18,2,0,2,1,12.5,0,1,0,1,0,0,0
1592,17,1,0,0,1,11.5,0,1,0,1,0,1,0
1593,18,2,0,0,1,12.5,0,1,1,0,0,0,0
1594,18,2,0,0,0,18.0,0,1,0,1,0,0,0
1595,18,1,0,3,0,17.0,1,1,1,1,0,1,0
1596,17,2,0,0,1,17.5,0,1,0,1,0,1,0
1597,18,2,1,0,-9,4.5,0,0,0,1,0,0,1
1598,18,1,0,8,1,10.5,1,1,1,1,0,1,0
1599,18,1,0,5,1,12.5,1,0,0,1,0,1,0
1600,17,1,0,4,1,12.5,1,0,0,1,0,0,0
1601,18,2,0,4,0,8.0,0,1,0,1,0,1,0
1602,18,3,0,0,1,11.5,0,1,1,1,0,0,0
1603,18,2,0,0,-5,2.5,0,0,1,0,0,0,1
1604,18,2,1,2,1,9.5,0,1,0,1,0,0,0
1605,19,1,1,0,-5,2.5,0,1,0,1,0,0,1
1606,17,4,0,0,0,18.0,0,1,0,1,0,0,0
1607,17,2,0,5,0,11.0,0,0,1,0,0,0,0
1608,18,2,0,2,2,9.0,0,1,1,0,0,0,0
1609,18,2,0,0,0,11.0,0,1,0,1,0,1,0
1610,19,2,3,0,-8,4.0,0,0,0,0,0,1,1
1611,18,3,0,5,0,14.0,0,0,0,1,0,0,0
1612,17,2,1,4,1,10.5,1,0,0,1,0,1,0
1613,18,2,0,0,0,10.0,0,1,0,1,0,1,0
1614,17,2,0,2,0,12.0,0,0,0,1,0,1,0
1615,17,2,0,0,-1,14.5,0,1,1,0,0,0,0
1616,18,1,0,2,-1,13.5,1,1,1,1,0,0,0
1617,18,3,0,0,-2,18.0,0,1,1,1,0,0,0
1618,18,2,0,0,-1,15.5,0,0,1,0,0,0,0
1619,18,2,0,6,-1,12.5,0,1,0,1,0,1,0
1620,17,2,0,4,-1,14.5,0,1,1,1,0,1,0
1621,17,2,0,0,0,13.0,0,0,0,1,0,0,0
1622,18,2,0,0,2,9.0,1,0,0,1,0,1,1
1623,18,3,0,0,1,15.5,1,1,1,1,0,0,0
1624,17,1,1,0,0,8.0,0,0,0,1,0,1,1
1625,18,1,0,0,0,10.0,0,1,0,1,0,1,0
1626,18,2,0,0,-2,6.0,0,0,0,1,0,1,1
1627,18,1,0,3,1,9.5,1,0,1,1,0,1,0
1628,17,3,0,8,1,10.5,0,1,0,1,0,0,0
1629,17,1,0,4,1,7.5,0,0,0,1,0,0,1
1630,18,3,0,0,2,16.0,0,0,1,1,0,0,0
1631,18,3,0,4,1,10.5,0,0,0,1,0,0,0
1632,19,2,1,4,1,7.5,0,0,0,1,0,1,1
1633,18,2,0,1,1,13.5,0,0,1,1,0,0,0
1634,18,2,0,1,0,16.0,0,1,0,1,0,0,0
1635,17,2,0,10,1,8.5,0,0,0,1,0,1,1
1636,18,2,0,4,1,17.5,1,1,0,1,0,0,0
1637,18,1,0,0,0,7.0,1,0,0,1,0,0,1
1638,17,2,0,4,1,14.5,1,1,0,1,0,0,0
1639,19,1,1,0,3,6.5,1,0,0,1,0,0,1
1640,18,1,1,0,0,7.0,1,0,0,1,0,0,1
1641,18,3,0,0,3,15.5,0,0,0,1,0,0,0
1642,17,2,0,0,3,7.5,0,1,0,1,0,0,0
1643,18,1,0,4,2,8.0,0,0,0,1,0,1,0
1644,19,3,1,4,1,10.5,0,0,0,1,0,0,0
1645,18,2,0,4,0,15.0,0,1,1,1,0,1,0
1646,18,2,0,6,1,11.5,0,1,0,1,0,0,1
1647,17,1,0,6,0,10.0,1,1,1,1,0,0,0
1648,18,1,0,4,1,10.5,1,0,1,1,0,0,0
