student_id,teacher_note
1,Attends regularly and completes the required work.
2,Attends regularly and completes the required work.
3,"Struggling badly with the basics, needs urgent support."
4,Quiet in class but keeps up with the material.
5,Quiet in class but keeps up with the material.
6,Quiet in class but keeps up with the material.
7,Consistently well prepared and contributes confidently in class.
8,Distracted in class and repeatedly misses deadlines.
9,Consistently well prepared and contributes confidently in class.
10,Excellent attendance and a positive attitude throughout.
11,Poor attendance is hurting an already weak performance.
12,Attends regularly and completes the required work.
13,Consistently well prepared and contributes confidently in class.
14,Attends regularly and completes the required work.
15,Hands work in on time and asks thoughtful questions.
16,Hands work in on time and asks thoughtful questions.
17,Excellent attendance and a positive attitude throughout.
18,Average progress so far this term.
19,Frequently absent and falling behind on assignments.
20,Average progress so far this term.
21,Hands work in on time and asks thoughtful questions.
22,Excellent attendance and a positive attitude throughout.
23,"Strong effort this term, clearly enjoys the work."
24,Hands work in on time and asks thoughtful questions.
25,Poor attendance is hurting an already weak performance.
26,Distracted in class and repeatedly misses deadlines.
27,"A pleasure to teach, shows real interest in the subject."
28,Consistently well prepared and contributes confidently in class.
29,Quiet in class but keeps up with the material.
30,"Does what is asked, could participate more in discussion."
31,"Performance is steady, no particular concerns raised."
32,"Performance is steady, no particular concerns raised."
33,Quiet in class but keeps up with the material.
34,Quiet in class but keeps up with the material.
35,"A pleasure to teach, shows real interest in the subject."
36,Frequently absent and falling behind on assignments.
37,Consistently well prepared and contributes confidently in class.
38,"Strong effort this term, clearly enjoys the work."
39,Consistently well prepared and contributes confidently in class.
40,"Performance is steady, no particular concerns raised."
41,"Struggling badly with the basics, needs urgent support."
42,Excellent attendance and a positive attitude throughout.
43,"Performance is steady, no particular concerns raised."
44,Attends regularly and completes the required work.
45,Poor attendance is hurting an already weak performance.
46,Average progress so far this term.
47,Attends regularly and completes the required work.
48,"Strong effort this term, clearly enjoys the work."
49,Consistently well prepared and contributes confidently in class.
50,Distracted in class and repeatedly misses deadlines.
51,"A pleasure to teach, shows real interest in the subject."
52,Excellent attendance and a positive attitude throughout.
53,"Performance is steady, no particular concerns raised."
54,Average progress so far this term.
55,Quiet in class but keeps up with the material.
56,Attends regularly and completes the required work.
57,Consistently well prepared and contributes confidently in class.
58,Hands work in on time and asks thoughtful questions.
59,"Performance is steady, no particular concerns raised."
60,Consistently well prepared and contributes confidently in class.
61,Quiet in class but keeps up with the material.
62,Frequently absent and falling behind on assignments.
63,"Does what is asked, could participate more in discussion."
64,"Struggling badly with the basics, needs urgent support."
65,"Does what is asked, could participate more in discussion."
66,"Performance is steady, no particular concerns raised."
67,Hands work in on time and asks thoughtful questions.
68,"Performance is steady, no particular concerns raised."
69,"Performance is steady, no particular concerns raised."
70,Quiet in class but keeps up with the material.
71,"A pleasure to teach, shows real interest in the subject."
72,Attends regularly and completes the required work.
73,Distracted in class and repeatedly misses deadlines.
74,Hands work in on time and asks thoughtful questions.
75,Average progress so far this term.
76,Quiet in class but keeps up with the material.
77,Quiet in class but keeps up with the material.
78,"Does what is asked, could participate more in discussion."
79,Poor attendance is hurting an already weak performance.
80,"Struggling badly with the basics, needs urgent support."
81,Average progress so far this term.
82,Quiet in class but keeps up with the material.
83,"Struggling badly with the basics, needs urgent support."
84,Consistently well prepared and contributes confidently in class.
85,Quiet in class but keeps up with the material.
86,Frequently absent and falling behind on assignments.
87,"Struggling badly with the basics, needs urgent support."
88,"Strong effort this term, clearly enjoys the work."
89,"Struggling badly with the basics, needs urgent support."
90,Frequently absent and falling behind on assignments.
91,Quiet in class but keeps up with the material.
92,Excellent attendance and a positive attitude throughout.
93,"Struggling badly with the basics, needs urgent support."
94,Quiet in class but keeps up with the material.
95,"Strong effort this term, clearly enjoys the work."
96,Poor attendance is hurting an already weak performance.
97,"Strong effort this term, clearly enjoys the work."
98,Quiet in class but keeps up with the material.
99,"A pleasure to teach, shows real interest in the subject."
100,Quiet in class but keeps up with the material.
101,Seems disengaged and rarely completes homework.
102,Excellent attendance and a positive attitude throughout.
103,Average progress so far this term.
104,"Struggling badly with the basics, needs urgent support."
105,Excellent attendance and a positive attitude throughout.
106,"Does what is asked, could participate more in discussion."
107,Average progress so far this term.
108,"Strong effort this term, clearly enjoys the work."
109,"Performance is steady, no particular concerns raised."
110,Hands work in on time and asks thoughtful questions.
111,Hands work in on time and asks thoughtful questions.
112,Distracted in class and repeatedly misses deadlines.
113,"Does what is asked, could participate more in discussion."
114,Attends regularly and completes the required work.
115,Attends regularly and completes the required work.
116,Consistently well prepared and contributes confidently in class.
117,Hands work in on time and asks thoughtful questions.
118,Hands work in on time and asks thoughtful questions.
119,Poor attendance is hurting an already weak performance.
120,Average progress so far this term.
121,Attends regularly and completes the required work.
122,"Does what is asked, could participate more in discussion."
123,"Strong effort this term, clearly enjoys the work."
124,Distracted in class and repeatedly misses deadlines.
125,Poor attendance is hurting an already weak performance.
126,Excellent attendance and a positive attitude throughout.
127,"Performance is steady, no particular concerns raised."
128,Distracted in class and repeatedly misses deadlines.
129,Frequently absent and falling behind on assignments.
130,Consistently well prepared and contributes confidently in class.
131,Distracted in class and repeatedly misses deadlines.
132,"Struggling badly with the basics, needs urgent support."
133,"Performance is steady, no particular concerns raised."
134,Frequently absent and falling behind on assignments.
135,"Struggling badly with the basics, needs urgent support."
136,Poor attendance is hurting an already weak performance.
137,Seems disengaged and rarely completes homework.
138,Poor attendance is hurting an already weak performance.
139,Frequently absent and falling behind on assignments.
140,"A pleasure to teach, shows real interest in the subject."
141,Average progress so far this term.
142,Seems disengaged and rarely completes homework.
143,Average progress so far this term.
144,Consistently well prepared and contributes confidently in class.
145,"Struggling badly with the basics, needs urgent support."
146,Average progress so far this term.
147,Distracted in class and repeatedly misses deadlines.
148,Quiet in class but keeps up with the material.
149,Seems disengaged and rarely completes homework.
150,"Struggling badly with the basics, needs urgent support."
151,Seems disengaged and rarely completes homework.
152,Average progress so far this term.
153,Average progress so far this term.
154,Frequently absent and falling behind on assignments.
155,Average progress so far this term.
156,"Struggling badly with the basics, needs urgent support."
157,"Does what is asked, could participate more in discussion."
158,Frequently absent and falling behind on assignments.
159,Attends regularly and completes the required work.
160,"Performance is steady, no particular concerns raised."
161,"Struggling badly with the basics, needs urgent support."
162,Seems disengaged and rarely completes homework.
163,Frequently absent and falling behind on assignments.
164,Quiet in class but keeps up with the material.
165,Distracted in class and repeatedly misses deadlines.
166,Frequently absent and falling behind on assignments.
167,Attends regularly and completes the required work.
168,"Strong effort this term, clearly enjoys the work."
169,Attends regularly and completes the required work.
170,Excellent attendance and a positive attitude throughout.
171,Seems disengaged and rarely completes homework.
172,Hands work in on time and asks thoughtful questions.
173,"Does what is asked, could participate more in discussion."
174,Distracted in class and repeatedly misses deadlines.
175,Quiet in class but keeps up with the material.
176,"Struggling badly with the basics, needs urgent support."
177,Excellent attendance and a positive attitude throughout.
178,Distracted in class and repeatedly misses deadlines.
179,Poor attendance is hurting an already weak performance.
180,Quiet in class but keeps up with the material.
181,Distracted in class and repeatedly misses deadlines.
182,Hands work in on time and asks thoughtful questions.
183,"A pleasure to teach, shows real interest in the subject."
184,Poor attendance is hurting an already weak performance.
185,"Performance is steady, no particular concerns raised."
186,"Does what is asked, could participate more in discussion."
187,Average progress so far this term.
188,"Strong effort this term, clearly enjoys the work."
189,Frequently absent and falling behind on assignments.
190,Quiet in class but keeps up with the material.
191,Quiet in class but keeps up with the material.
192,Attends regularly and completes the required work.
193,"Struggling badly with the basics, needs urgent support."
194,Attends regularly and completes the required work.
195,Excellent attendance and a positive attitude throughout.
196,Excellent attendance and a positive attitude throughout.
197,Quiet in class but keeps up with the material.
198,Average progress so far this term.
199,Seems disengaged and rarely completes homework.
200,Attends regularly and completes the required work.
201,Consistently well prepared and contributes confidently in class.
202,Attends regularly and completes the required work.
203,Quiet in class but keeps up with the material.
204,Frequently absent and falling behind on assignments.
205,Attends regularly and completes the required work.
206,"Struggling badly with the basics, needs urgent support."
207,Frequently absent and falling behind on assignments.
208,Average progress so far this term.
209,Quiet in class but keeps up with the material.
210,"Performance is steady, no particular concerns raised."
211,Poor attendance is hurting an already weak performance.
212,Quiet in class but keeps up with the material.
213,Excellent attendance and a positive attitude throughout.
214,Seems disengaged and rarely completes homework.
215,Distracted in class and repeatedly misses deadlines.
216,Excellent attendance and a positive attitude throughout.
217,Poor attendance is hurting an already weak performance.
218,Seems disengaged and rarely completes homework.
219,"Does what is asked, could participate more in discussion."
220,"Does what is asked, could participate more in discussion."
221,Quiet in class but keeps up with the material.
222,Frequently absent and falling behind on assignments.
223,Consistently well prepared and contributes confidently in class.
224,"Strong effort this term, clearly enjoys the work."
225,"A pleasure to teach, shows real interest in the subject."
226,Poor attendance is hurting an already weak performance.
227,Poor attendance is hurting an already weak performance.
228,"Does what is asked, could participate more in discussion."
229,Frequently absent and falling behind on assignments.
230,Frequently absent and falling behind on assignments.
231,Attends regularly and completes the required work.
232,"Does what is asked, could participate more in discussion."
233,"Struggling badly with the basics, needs urgent support."
234,Attends regularly and completes the required work.
235,Seems disengaged and rarely completes homework.
236,Seems disengaged and rarely completes homework.
237,Quiet in class but keeps up with the material.
238,Distracted in class and repeatedly misses deadlines.
239,"Does what is asked, could participate more in discussion."
240,Seems disengaged and rarely completes homework.
241,"Does what is asked, could participate more in discussion."
242,Quiet in class but keeps up with the material.
243,"Struggling badly with the basics, needs urgent support."
244,"Does what is asked, could participate more in discussion."
245,Seems disengaged and rarely completes homework.
246,Consistently well prepared and contributes confidently in class.
247,"Strong effort this term, clearly enjoys the work."
248,Distracted in class and repeatedly misses deadlines.
249,Frequently absent and falling behind on assignments.
250,Consistently well prepared and contributes confidently in class.
251,Distracted in class and repeatedly misses deadlines.
252,Attends regularly and completes the required work.
253,Frequently absent and falling behind on assignments.
254,Quiet in class but keeps up with the material.
255,Quiet in class but keeps up with the material.
256,Poor attendance is hurting an already weak performance.
257,"Does what is asked, could participate more in discussion."
258,"Does what is asked, could participate more in discussion."
259,Quiet in class but keeps up with the material.
260,Poor attendance is hurting an already weak performance.
261,Attends regularly and completes the required work.
262,Quiet in class but keeps up with the material.
263,"Does what is asked, could participate more in discussion."
264,Frequently absent and falling behind on assignments.
265,"Does what is asked, could participate more in discussion."
266,"Performance is steady, no particular concerns raised."
267,"Does what is asked, could participate more in discussion."
268,"Performance is steady, no particular concerns raised."
269,Poor attendance is hurting an already weak performance.
270,Distracted in class and repeatedly misses deadlines.
271,Poor attendance is hurting an already weak performance.
272,Quiet in class but keeps up with the material.
273,Quiet in class but keeps up with the material.
274,"Performance is steady, no particular concerns raised."
275,Quiet in class but keeps up with the material.
276,Consistently well prepared and contributes confidently in class.
277,Distracted in class and repeatedly misses deadlines.
278,Distracted in class and repeatedly misses deadlines.
279,Frequently absent and falling behind on assignments.
280,"Performance is steady, no particular concerns raised."
281,Frequently absent and falling behind on assignments.
282,Frequently absent and falling behind on assignments.
283,Excellent attendance and a positive attitude throughout.
284,"Does what is asked, could participate more in discussion."
285,Distracted in class and repeatedly misses deadlines.
286,Average progress so far this term.
287,Hands work in on time and asks thoughtful questions.
288,Attends regularly and completes the required work.
289,Average progress so far this term.
290,Attends regularly and completes the required work.
291,Seems disengaged and rarely completes homework.
292,Consistently well prepared and contributes confidently in class.
293,Distracted in class and repeatedly misses deadlines.
294,Consistently well prepared and contributes confidently in class.
295,Quiet in class but keeps up with the material.
296,"Does what is asked, could participate more in discussion."
297,Frequently absent and falling behind on assignments.
298,Distracted in class and repeatedly misses deadlines.
299,Quiet in class but keeps up with the material.
300,Average progress so far this term.
301,Distracted in class and repeatedly misses deadlines.
302,Attends regularly and completes the required work.
303,Average progress so far this term.
304,Consistently well prepared and contributes confidently in class.
305,Poor attendance is hurting an already weak performance.
306,Distracted in class and repeatedly misses deadlines.
307,Excellent attendance and a positive attitude throughout.
308,Distracted in class and repeatedly misses deadlines.
309,"Struggling badly with the basics, needs urgent support."
310,"Struggling badly with the basics, needs urgent support."
311,Seems disengaged and rarely completes homework.
312,"Struggling badly with the basics, needs urgent support."
313,Seems disengaged and rarely completes homework.
314,"Struggling badly with the basics, needs urgent support."
315,Poor attendance is hurting an already weak performance.
316,Seems disengaged and rarely completes homework.
317,"Performance is steady, no particular concerns raised."
318,"Does what is asked, could participate more in discussion."
319,"Performance is steady, no particular concerns raised."
320,Attends regularly and completes the required work.
321,Attends regularly and completes the required work.
322,Poor attendance is hurting an already weak performance.
323,Average progress so far this term.
324,Excellent attendance and a positive attitude throughout.
325,Attends regularly and completes the required work.
326,Attends regularly and completes the required work.
327,Excellent attendance and a positive attitude throughout.
328,Quiet in class but keeps up with the material.
329,Distracted in class and repeatedly misses deadlines.
330,"A pleasure to teach, shows real interest in the subject."
331,Seems disengaged and rarely completes homework.
332,"A pleasure to teach, shows real interest in the subject."
333,Frequently absent and falling behind on assignments.
334,Quiet in class but keeps up with the material.
335,"Struggling badly with the basics, needs urgent support."
336,"Struggling badly with the basics, needs urgent support."
337,Seems disengaged and rarely completes homework.
338,"Does what is asked, could participate more in discussion."
339,Average progress so far this term.
340,"Performance is steady, no particular concerns raised."
341,Average progress so far this term.
342,Average progress so far this term.
343,Frequently absent and falling behind on assignments.
344,Distracted in class and repeatedly misses deadlines.
345,"Performance is steady, no particular concerns raised."
346,Consistently well prepared and contributes confidently in class.
347,Quiet in class but keeps up with the material.
348,"Performance is steady, no particular concerns raised."
349,Consistently well prepared and contributes confidently in class.
350,Frequently absent and falling behind on assignments.
351,Distracted in class and repeatedly misses deadlines.
352,Hands work in on time and asks thoughtful questions.
353,"Struggling badly with the basics, needs urgent support."
354,"Struggling badly with the basics, needs urgent support."
355,Average progress so far this term.
356,Seems disengaged and rarely completes homework.
357,"A pleasure to teach, shows real interest in the subject."
358,Hands work in on time and asks thoughtful questions.
359,"Performance is steady, no particular concerns raised."
360,Average progress so far this term.
361,"Strong effort this term, clearly enjoys the work."
362,"Struggling badly with the basics, needs urgent support."
363,Attends regularly and completes the required work.
364,Attends regularly and completes the required work.
365,"Does what is asked, could participate more in discussion."
366,"Performance is steady, no particular concerns raised."
367,Consistently well prepared and contributes confidently in class.
368,Frequently absent and falling behind on assignments.
369,"Performance is steady, no particular concerns raised."
370,Seems disengaged and rarely completes homework.
371,"Struggling badly with the basics, needs urgent support."
372,Quiet in class but keeps up with the material.
373,"Does what is asked, could participate more in discussion."
374,Distracted in class and repeatedly misses deadlines.
375,"Does what is asked, could participate more in discussion."
376,Average progress so far this term.
377,Frequently absent and falling behind on assignments.
378,Attends regularly and completes the required work.
379,Consistently well prepared and contributes confidently in class.
380,Quiet in class but keeps up with the material.
381,Average progress so far this term.
382,Frequently absent and falling behind on assignments.
383,"Performance is steady, no particular concerns raised."
384,Distracted in class and repeatedly misses deadlines.
385,Distracted in class and repeatedly misses deadlines.
386,Seems disengaged and rarely completes homework.
387,Poor attendance is hurting an already weak performance.
388,Seems disengaged and rarely completes homework.
389,Attends regularly and completes the required work.
390,"Struggling badly with the basics, needs urgent support."
391,"Struggling badly with the basics, needs urgent support."
392,Consistently well prepared and contributes confidently in class.
393,"Struggling badly with the basics, needs urgent support."
394,Quiet in class but keeps up with the material.
395,Quiet in class but keeps up with the material.
1000,Attends regularly and completes the required work.
1001,"Performance is steady, no particular concerns raised."
1002,Excellent attendance and a positive attitude throughout.
1003,"Strong effort this term, clearly enjoys the work."
1004,Excellent attendance and a positive attitude throughout.
1005,Hands work in on time and asks thoughtful questions.
1006,Quiet in class but keeps up with the material.
1007,Quiet in class but keeps up with the material.
1008,Hands work in on time and asks thoughtful questions.
1009,"Strong effort this term, clearly enjoys the work."
1010,Consistently well prepared and contributes confidently in class.
1011,Quiet in class but keeps up with the material.
1012,"A pleasure to teach, shows real interest in the subject."
1013,"Strong effort this term, clearly enjoys the work."
1014,Hands work in on time and asks thoughtful questions.
1015,"A pleasure to teach, shows real interest in the subject."
1016,Quiet in class but keeps up with the material.
1017,Consistently well prepared and contributes confidently in class.
1018,Poor attendance is hurting an already weak performance.
1019,Consistently well prepared and contributes confidently in class.
1020,"Strong effort this term, clearly enjoys the work."
1021,Quiet in class but keeps up with the material.
1022,Hands work in on time and asks thoughtful questions.
1023,"Does what is asked, could participate more in discussion."
1024,"Performance is steady, no particular concerns raised."
1025,"Performance is steady, no particular concerns raised."
1026,Quiet in class but keeps up with the material.
1027,Quiet in class but keeps up with the material.
1028,Consistently well prepared and contributes confidently in class.
1029,Quiet in class but keeps up with the material.
1030,"Does what is asked, could participate more in discussion."
1031,"A pleasure to teach, shows real interest in the subject."
1032,"A pleasure to teach, shows real interest in the subject."
1033,Attends regularly and completes the required work.
1034,"A pleasure to teach, shows real interest in the subject."
1035,"Performance is steady, no particular concerns raised."
1036,Excellent attendance and a positive attitude throughout.
1037,"Strong effort this term, clearly enjoys the work."
1038,Average progress so far this term.
1039,"Performance is steady, no particular concerns raised."
1040,Attends regularly and completes the required work.
1041,Attends regularly and completes the required work.
1042,"A pleasure to teach, shows real interest in the subject."
1043,Quiet in class but keeps up with the material.
1044,Distracted in class and repeatedly misses deadlines.
1045,"Performance is steady, no particular concerns raised."
1046,Attends regularly and completes the required work.
1047,Consistently well prepared and contributes confidently in class.
1048,Average progress so far this term.
1049,"Does what is asked, could participate more in discussion."
1050,"Performance is steady, no particular concerns raised."
1051,"Performance is steady, no particular concerns raised."
1052,Poor attendance is hurting an already weak performance.
1053,Average progress so far this term.
1054,Average progress so far this term.
1055,Consistently well prepared and contributes confidently in class.
1056,"Does what is asked, could participate more in discussion."
1057,Excellent attendance and a positive attitude throughout.
1058,Quiet in class but keeps up with the material.
1059,"Performance is steady, no particular concerns raised."
1060,Attends regularly and completes the required work.
1061,"Does what is asked, could participate more in discussion."
1062,Consistently well prepared and contributes confidently in class.
1063,Average progress so far this term.
1064,Average progress so far this term.
1065,Quiet in class but keeps up with the material.
1066,"Performance is steady, no particular concerns raised."
1067,Poor attendance is hurting an already weak performance.
1068,Attends regularly and completes the required work.
1069,"A pleasure to teach, shows real interest in the subject."
1070,Average progress so far this term.
1071,"Performance is steady, no particular concerns raised."
1072,Attends regularly and completes the required work.
1073,"A pleasure to teach, shows real interest in the subject."
1074,Average progress so far this term.
1075,"Performance is steady, no particular concerns raised."
1076,"Does what is asked, could participate more in discussion."
1077,"A pleasure to teach, shows real interest in the subject."
1078,Poor attendance is hurting an already weak performance.
1079,"Struggling badly with the basics, needs urgent support."
1080,Average progress so far this term.
1081,Seems disengaged and rarely completes homework.
1082,Quiet in class but keeps up with the material.
1083,"Does what is asked, could participate more in discussion."
1084,"Does what is asked, could participate more in discussion."
1085,Quiet in class but keeps up with the material.
1086,Average progress so far this term.
1087,Excellent attendance and a positive attitude throughout.
1088,"Performance is steady, no particular concerns raised."
1089,"Does what is asked, could participate more in discussion."
1090,Average progress so far this term.
1091,Attends regularly and completes the required work.
1092,"A pleasure to teach, shows real interest in the subject."
1093,"A pleasure to teach, shows real interest in the subject."
1094,Quiet in class but keeps up with the material.
1095,"Strong effort this term, clearly enjoys the work."
1096,Average progress so far this term.
1097,Average progress so far this term.
1098,"A pleasure to teach, shows real interest in the subject."
1099,"Strong effort this term, clearly enjoys the work."
1100,Poor attendance is hurting an already weak performance.
1101,"Strong effort this term, clearly enjoys the work."
1102,Hands work in on time and asks thoughtful questions.
1103,Distracted in class and repeatedly misses deadlines.
1104,"Strong effort this term, clearly enjoys the work."
1105,Quiet in class but keeps up with the material.
1106,Attends regularly and completes the required work.
1107,"A pleasure to teach, shows real interest in the subject."
1108,Average progress so far this term.
1109,Excellent attendance and a positive attitude throughout.
1110,"A pleasure to teach, shows real interest in the subject."
1111,Attends regularly and completes the required work.
1112,Seems disengaged and rarely completes homework.
1113,"Struggling badly with the basics, needs urgent support."
1114,Seems disengaged and rarely completes homework.
1115,Quiet in class but keeps up with the material.
1116,Quiet in class but keeps up with the material.
1117,Consistently well prepared and contributes confidently in class.
1118,Frequently absent and falling behind on assignments.
1119,Quiet in class but keeps up with the material.
1120,"Strong effort this term, clearly enjoys the work."
1121,Average progress so far this term.
1122,Attends regularly and completes the required work.
1123,"Strong effort this term, clearly enjoys the work."
1124,"Does what is asked, could participate more in discussion."
1125,Average progress so far this term.
1126,Quiet in class but keeps up with the material.
1127,Poor attendance is hurting an already weak performance.
1128,"Strong effort this term, clearly enjoys the work."
1129,"Does what is asked, could participate more in discussion."
1130,Quiet in class but keeps up with the material.
1131,Seems disengaged and rarely completes homework.
1132,Attends regularly and completes the required work.
1133,Attends regularly and completes the required work.
1134,"Does what is asked, could participate more in discussion."
1135,Seems disengaged and rarely completes homework.
1136,Quiet in class but keeps up with the material.
1137,Distracted in class and repeatedly misses deadlines.
1138,"Does what is asked, could participate more in discussion."
1139,Consistently well prepared and contributes confidently in class.
1140,Distracted in class and repeatedly misses deadlines.
1141,Quiet in class but keeps up with the material.
1142,Attends regularly and completes the required work.
1143,Poor attendance is hurting an already weak performance.
1144,Quiet in class but keeps up with the material.
1145,"Does what is asked, could participate more in discussion."
1146,Average progress so far this term.
1147,Excellent attendance and a positive attitude throughout.
1148,Distracted in class and repeatedly misses deadlines.
1149,"Performance is steady, no particular concerns raised."
1150,Poor attendance is hurting an already weak performance.
1151,Average progress so far this term.
1152,Average progress so far this term.
1153,"Strong effort this term, clearly enjoys the work."
1154,Average progress so far this term.
1155,Poor attendance is hurting an already weak performance.
1156,Hands work in on time and asks thoughtful questions.
1157,"Does what is asked, could participate more in discussion."
1158,"Does what is asked, could participate more in discussion."
1159,"Performance is steady, no particular concerns raised."
1160,Quiet in class but keeps up with the material.
1161,"Struggling badly with the basics, needs urgent support."
1162,Average progress so far this term.
1163,Poor attendance is hurting an already weak performance.
1164,Seems disengaged and rarely completes homework.
1165,"A pleasure to teach, shows real interest in the subject."
1166,"Does what is asked, could participate more in discussion."
1167,Consistently well prepared and contributes confidently in class.
1168,"Performance is steady, no particular concerns raised."
1169,Seems disengaged and rarely completes homework.
1170,"Struggling badly with the basics, needs urgent support."
1171,"Performance is steady, no particular concerns raised."
1172,"Performance is steady, no particular concerns raised."
1173,Distracted in class and repeatedly misses deadlines.
1174,Frequently absent and falling behind on assignments.
1175,Seems disengaged and rarely completes homework.
1176,Quiet in class but keeps up with the material.
1177,Seems disengaged and rarely completes homework.
1178,"Does what is asked, could participate more in discussion."
1179,Seems disengaged and rarely completes homework.
1180,Quiet in class but keeps up with the material.
1181,Consistently well prepared and contributes confidently in class.
1182,"Strong effort this term, clearly enjoys the work."
1183,"Strong effort this term, clearly enjoys the work."
1184,"Struggling badly with the basics, needs urgent support."
1185,Excellent attendance and a positive attitude throughout.
1186,"Does what is asked, could participate more in discussion."
1187,"Does what is asked, could participate more in discussion."
1188,Consistently well prepared and contributes confidently in class.
1189,Quiet in class but keeps up with the material.
1190,"Does what is asked, could participate more in discussion."
1191,"Does what is asked, could participate more in discussion."
1192,Distracted in class and repeatedly misses deadlines.
1193,Attends regularly and completes the required work.
1194,Average progress so far this term.
1195,"Does what is asked, could participate more in discussion."
1196,"Strong effort this term, clearly enjoys the work."
1197,Frequently absent and falling behind on assignments.
1198,"A pleasure to teach, shows real interest in the subject."
1199,"A pleasure to teach, shows real interest in the subject."
1200,Poor attendance is hurting an already weak performance.
1201,"Strong effort this term, clearly enjoys the work."
1202,Average progress so far this term.
1203,Average progress so far this term.
1204,Excellent attendance and a positive attitude throughout.
1205,Quiet in class but keeps up with the material.
1206,"Does what is asked, could participate more in discussion."
1207,Quiet in class but keeps up with the material.
1208,"Performance is steady, no particular concerns raised."
1209,"Strong effort this term, clearly enjoys the work."
1210,"Strong effort this term, clearly enjoys the work."
1211,Attends regularly and completes the required work.
1212,Poor attendance is hurting an already weak performance.
1213,"Performance is steady, no particular concerns raised."
1214,"Strong effort this term, clearly enjoys the work."
1215,Quiet in class but keeps up with the material.
1216,"Strong effort this term, clearly enjoys the work."
1217,Quiet in class but keeps up with the material.
1218,Excellent attendance and a positive attitude throughout.
1219,Distracted in class and repeatedly misses deadlines.
1220,Attends regularly and completes the required work.
1221,"Strong effort this term, clearly enjoys the work."
1222,Excellent attendance and a positive attitude throughout.
1223,Average progress so far this term.
1224,Consistently well prepared and contributes confidently in class.
1225,Frequently absent and falling behind on assignments.
1226,"Strong effort this term, clearly enjoys the work."
1227,Seems disengaged and rarely completes homework.
1228,"Does what is asked, could participate more in discussion."
1229,Hands work in on time and asks thoughtful questions.
1230,Frequently absent and falling behind on assignments.
1231,"Performance is steady, no particular concerns raised."
1232,"Strong effort this term, clearly enjoys the work."
1233,"A pleasure to teach, shows real interest in the subject."
1234,Quiet in class but keeps up with the material.
1235,"Does what is asked, could participate more in discussion."
1236,"A pleasure to teach, shows real interest in the subject."
1237,"Struggling badly with the basics, needs urgent support."
1238,"Strong effort this term, clearly enjoys the work."
1239,"Performance is steady, no particular concerns raised."
1240,"Strong effort this term, clearly enjoys the work."
1241,"Performance is steady, no particular concerns raised."
1242,Attends regularly and completes the required work.
1243,"Strong effort this term, clearly enjoys the work."
1244,Attends regularly and completes the required work.
1245,Excellent attendance and a positive attitude throughout.
1246,Consistently well prepared and contributes confidently in class.
1247,"A pleasure to teach, shows real interest in the subject."
1248,Quiet in class but keeps up with the material.
1249,Consistently well prepared and contributes confidently in class.
1250,Consistently well prepared and contributes confidently in class.
1251,Attends regularly and completes the required work.
1252,Quiet in class but keeps up with the material.
1253,Seems disengaged and rarely completes homework.
1254,Frequently absent and falling behind on assignments.
1255,Distracted in class and repeatedly misses deadlines.
1256,Seems disengaged and rarely completes homework.
1257,Seems disengaged and rarely completes homework.
1258,Hands work in on time and asks thoughtful questions.
1259,Poor attendance is hurting an already weak performance.
1260,Attends regularly and completes the required work.
1261,Excellent attendance and a positive attitude throughout.
1262,Seems disengaged and rarely completes homework.
1263,Poor attendance is hurting an already weak performance.
1264,"Struggling badly with the basics, needs urgent support."
1265,"Performance is steady, no particular concerns raised."
1266,Quiet in class but keeps up with the material.
1267,Excellent attendance and a positive attitude throughout.
1268,Excellent attendance and a positive attitude throughout.
1269,Consistently well prepared and contributes confidently in class.
1270,Hands work in on time and asks thoughtful questions.
1271,"Performance is steady, no particular concerns raised."
1272,Consistently well prepared and contributes confidently in class.
1273,Average progress so far this term.
1274,Frequently absent and falling behind on assignments.
1275,"Struggling badly with the basics, needs urgent support."
1276,Excellent attendance and a positive attitude throughout.
1277,"Does what is asked, could participate more in discussion."
1278,"Does what is asked, could participate more in discussion."
1279,Seems disengaged and rarely completes homework.
1280,Frequently absent and falling behind on assignments.
1281,Average progress so far this term.
1282,Quiet in class but keeps up with the material.
1283,Attends regularly and completes the required work.
1284,"Struggling badly with the basics, needs urgent support."
1285,Average progress so far this term.
1286,Consistently well prepared and contributes confidently in class.
1287,Distracted in class and repeatedly misses deadlines.
1288,Consistently well prepared and contributes confidently in class.
1289,"A pleasure to teach, shows real interest in the subject."
1290,Average progress so far this term.
1291,Poor attendance is hurting an already weak performance.
1292,"Performance is steady, no particular concerns raised."
1293,Attends regularly and completes the required work.
1294,Average progress so far this term.
1295,"A pleasure to teach, shows real interest in the subject."
1296,Consistently well prepared and contributes confidently in class.
1297,"Does what is asked, could participate more in discussion."
1298,"Does what is asked, could participate more in discussion."
1299,Attends regularly and completes the required work.
1300,"Strong effort this term, clearly enjoys the work."
1301,"Performance is steady, no particular concerns raised."
1302,"Does what is asked, could participate more in discussion."
1303,Quiet in class but keeps up with the material.
1304,"Does what is asked, could participate more in discussion."
1305,Quiet in class but keeps up with the material.
1306,Excellent attendance and a positive attitude throughout.
1307,"Performance is steady, no particular concerns raised."
1308,Average progress so far this term.
1309,Average progress so far this term.
1310,Poor attendance is hurting an already weak performance.
1311,"Does what is asked, could participate more in discussion."
1312,"Does what is asked, could participate more in discussion."
1313,Excellent attendance and a positive attitude throughout.
1314,"A pleasure to teach, shows real interest in the subject."
1315,"A pleasure to teach, shows real interest in the subject."
1316,Hands work in on time and asks thoughtful questions.
1317,Consistently well prepared and contributes confidently in class.
1318,"Struggling badly with the basics, needs urgent support."
1319,"Does what is asked, could participate more in discussion."
1320,Seems disengaged and rarely completes homework.
1321,"Strong effort this term, clearly enjoys the work."
1322,Distracted in class and repeatedly misses deadlines.
1323,Average progress so far this term.
1324,"Does what is asked, could participate more in discussion."
1325,"Performance is steady, no particular concerns raised."
1326,Attends regularly and completes the required work.
1327,"Strong effort this term, clearly enjoys the work."
1328,"A pleasure to teach, shows real interest in the subject."
1329,Quiet in class but keeps up with the material.
1330,"Does what is asked, could participate more in discussion."
1331,Hands work in on time and asks thoughtful questions.
1332,"A pleasure to teach, shows real interest in the subject."
1333,"A pleasure to teach, shows real interest in the subject."
1334,"A pleasure to teach, shows real interest in the subject."
1335,"A pleasure to teach, shows real interest in the subject."
1336,Excellent attendance and a positive attitude throughout.
1337,"A pleasure to teach, shows real interest in the subject."
1338,Excellent attendance and a positive attitude throughout.
1339,Consistently well prepared and contributes confidently in class.
1340,Excellent attendance and a positive attitude throughout.
1341,Quiet in class but keeps up with the material.
1342,Consistently well prepared and contributes confidently in class.
1343,Hands work in on time and asks thoughtful questions.
1344,"Strong effort this term, clearly enjoys the work."
1345,"Strong effort this term, clearly enjoys the work."
1346,Excellent attendance and a positive attitude throughout.
1347,Quiet in class but keeps up with the material.
1348,"Strong effort this term, clearly enjoys the work."
1349,"Strong effort this term, clearly enjoys the work."
1350,Poor attendance is hurting an already weak performance.
1351,Attends regularly and completes the required work.
1352,Attends regularly and completes the required work.
1353,"Performance is steady, no particular concerns raised."
1354,Hands work in on time and asks thoughtful questions.
1355,"Does what is asked, could participate more in discussion."
1356,Hands work in on time and asks thoughtful questions.
1357,"A pleasure to teach, shows real interest in the subject."
1358,Excellent attendance and a positive attitude throughout.
1359,"A pleasure to teach, shows real interest in the subject."
1360,"Does what is asked, could participate more in discussion."
1361,Average progress so far this term.
1362,Average progress so far this term.
1363,"Performance is steady, no particular concerns raised."
1364,"Strong effort this term, clearly enjoys the work."
1365,Distracted in class and repeatedly misses deadlines.
1366,"A pleasure to teach, shows real interest in the subject."
1367,"Performance is steady, no particular concerns raised."
1368,"Does what is asked, could participate more in discussion."
1369,"Performance is steady, no particular concerns raised."
1370,"Struggling badly with the basics, needs urgent support."
1371,"Performance is steady, no particular concerns raised."
1372,Quiet in class but keeps up with the material.
1373,Attends regularly and completes the required work.
1374,Hands work in on time and asks thoughtful questions.
1375,"A pleasure to teach, shows real interest in the subject."
1376,Consistently well prepared and contributes confidently in class.
1377,Excellent attendance and a positive attitude throughout.
1378,Hands work in on time and asks thoughtful questions.
1379,Quiet in class but keeps up with the material.
1380,Quiet in class but keeps up with the material.
1381,"Does what is asked, could participate more in discussion."
1382,"Performance is steady, no particular concerns raised."
1383,Average progress so far this term.
1384,Average progress so far this term.
1385,Distracted in class and repeatedly misses deadlines.
1386,"A pleasure to teach, shows real interest in the subject."
1387,Attends regularly and completes the required work.
1388,Quiet in class but keeps up with the material.
1389,"Struggling badly with the basics, needs urgent support."
1390,Quiet in class but keeps up with the material.
1391,"A pleasure to teach, shows real interest in the subject."
1392,Hands work in on time and asks thoughtful questions.
1393,"A pleasure to teach, shows real interest in the subject."
1394,Consistently well prepared and contributes confidently in class.
1395,Excellent attendance and a positive attitude throughout.
1396,Hands work in on time and asks thoughtful questions.
1397,"Performance is steady, no particular concerns raised."
1398,Attends regularly and completes the required work.
1399,Consistently well prepared and contributes confidently in class.
1400,Average progress so far this term.
1401,"Performance is steady, no particular concerns raised."
1402,Quiet in class but keeps up with the material.
1403,"Does what is asked, could participate more in discussion."
1404,Consistently well prepared and contributes confidently in class.
1405,Frequently absent and falling behind on assignments.
1406,Average progress so far this term.
1407,"Performance is steady, no particular concerns raised."
1408,"Does what is asked, could participate more in discussion."
1409,"Strong effort this term, clearly enjoys the work."
1410,"Strong effort this term, clearly enjoys the work."
1411,"A pleasure to teach, shows real interest in the subject."
1412,Hands work in on time and asks thoughtful questions.
1413,Frequently absent and falling behind on assignments.
1414,"A pleasure to teach, shows real interest in the subject."
1415,Poor attendance is hurting an already weak performance.
1416,Attends regularly and completes the required work.
1417,Consistently well prepared and contributes confidently in class.
1418,"Does what is asked, could participate more in discussion."
1419,Poor attendance is hurting an already weak performance.
1420,Attends regularly and completes the required work.
1421,Distracted in class and repeatedly misses deadlines.
1422,Attends regularly and completes the required work.
1423,Quiet in class but keeps up with the material.
1424,Hands work in on time and asks thoughtful questions.
1425,Average progress so far this term.
1426,"Performance is steady, no particular concerns raised."
1427,Consistently well prepared and contributes confidently in class.
1428,Quiet in class but keeps up with the material.
1429,Attends regularly and completes the required work.
1430,Average progress so far this term.
1431,"Does what is asked, could participate more in discussion."
1432,Distracted in class and repeatedly misses deadlines.
1433,Excellent attendance and a positive attitude throughout.
1434,Distracted in class and repeatedly misses deadlines.
1435,Quiet in class but keeps up with the material.
1436,Distracted in class and repeatedly misses deadlines.
1437,"Does what is asked, could participate more in discussion."
1438,"Does what is asked, could participate more in discussion."
1439,"Strong effort this term, clearly enjoys the work."
1440,"Struggling badly with the basics, needs urgent support."
1441,Average progress so far this term.
1442,"Strong effort this term, clearly enjoys the work."
1443,"Performance is steady, no particular concerns raised."
1444,Average progress so far this term.
1445,Average progress so far this term.
1446,Attends regularly and completes the required work.
1447,Average progress so far this term.
1448,Consistently well prepared and contributes confidently in class.
1449,Hands work in on time and asks thoughtful questions.
1450,Hands work in on time and asks thoughtful questions.
1451,"Performance is steady, no particular concerns raised."
1452,Attends regularly and completes the required work.
1453,Seems disengaged and rarely completes homework.
1454,Seems disengaged and rarely completes homework.
1455,Quiet in class but keeps up with the material.
1456,Excellent attendance and a positive attitude throughout.
1457,Attends regularly and completes the required work.
1458,Quiet in class but keeps up with the material.
1459,Frequently absent and falling behind on assignments.
1460,"Does what is asked, could participate more in discussion."
1461,"Does what is asked, could participate more in discussion."
1462,Excellent attendance and a positive attitude throughout.
1463,"Does what is asked, could participate more in discussion."
1464,"Performance is steady, no particular concerns raised."
1465,Frequently absent and falling behind on assignments.
1466,Seems disengaged and rarely completes homework.
1467,"Performance is steady, no particular concerns raised."
1468,"Performance is steady, no particular concerns raised."
1469,"Does what is asked, could participate more in discussion."
1470,Attends regularly and completes the required work.
1471,Seems disengaged and rarely completes homework.
1472,"A pleasure to teach, shows real interest in the subject."
1473,Distracted in class and repeatedly misses deadlines.
1474,Quiet in class but keeps up with the material.
1475,"Strong effort this term, clearly enjoys the work."
1476,Frequently absent and falling behind on assignments.
1477,Distracted in class and repeatedly misses deadlines.
1478,Seems disengaged and rarely completes homework.
1479,Quiet in class but keeps up with the material.
1480,"Struggling badly with the basics, needs urgent support."
1481,Quiet in class but keeps up with the material.
1482,Attends regularly and completes the required work.
1483,Attends regularly and completes the required work.
1484,Quiet in class but keeps up with the material.
1485,"Performance is steady, no particular concerns raised."
1486,Distracted in class and repeatedly misses deadlines.
1487,Distracted in class and repeatedly misses deadlines.
1488,"Struggling badly with the basics, needs urgent support."
1489,Poor attendance is hurting an already weak performance.
1490,Attends regularly and completes the required work.
1491,Poor attendance is hurting an already weak performance.
1492,"Performance is steady, no particular concerns raised."
1493,"Does what is asked, could participate more in discussion."
1494,"Performance is steady, no particular concerns raised."
1495,Average progress so far this term.
1496,Excellent attendance and a positive attitude throughout.
1497,"Does what is asked, could participate more in discussion."
1498,"Does what is asked, could participate more in discussion."
1499,Attends regularly and completes the required work.
1500,Distracted in class and repeatedly misses deadlines.
1501,Attends regularly and completes the required work.
1502,Poor attendance is hurting an already weak performance.
1503,"A pleasure to teach, shows real interest in the subject."
1504,Excellent attendance and a positive attitude throughout.
1505,"Performance is steady, no particular concerns raised."
1506,Frequently absent and falling behind on assignments.
1507,Attends regularly and completes the required work.
1508,Seems disengaged and rarely completes homework.
1509,Excellent attendance and a positive attitude throughout.
1510,Excellent attendance and a positive attitude throughout.
1511,Attends regularly and completes the required work.
1512,"Struggling badly with the basics, needs urgent support."
1513,Distracted in class and repeatedly misses deadlines.
1514,Frequently absent and falling behind on assignments.
1515,Seems disengaged and rarely completes homework.
1516,"Strong effort this term, clearly enjoys the work."
1517,Excellent attendance and a positive attitude throughout.
1518,Poor attendance is hurting an already weak performance.
1519,"Struggling badly with the basics, needs urgent support."
1520,Quiet in class but keeps up with the material.
1521,Average progress so far this term.
1522,"Does what is asked, could participate more in discussion."
1523,"Does what is asked, could participate more in discussion."
1524,Attends regularly and completes the required work.
1525,"Does what is asked, could participate more in discussion."
1526,"A pleasure to teach, shows real interest in the subject."
1527,Poor attendance is hurting an already weak performance.
1528,"Performance is steady, no particular concerns raised."
1529,"Performance is steady, no particular concerns raised."
1530,Attends regularly and completes the required work.
1531,Quiet in class but keeps up with the material.
1532,"Struggling badly with the basics, needs urgent support."
1533,"Strong effort this term, clearly enjoys the work."
1534,"Does what is asked, could participate more in discussion."
1535,"Performance is steady, no particular concerns raised."
1536,"Strong effort this term, clearly enjoys the work."
1537,Average progress so far this term.
1538,Attends regularly and completes the required work.
1539,"Does what is asked, could participate more in discussion."
1540,Attends regularly and completes the required work.
1541,"Performance is steady, no particular concerns raised."
1542,"Performance is steady, no particular concerns raised."
1543,"Struggling badly with the basics, needs urgent support."
1544,Attends regularly and completes the required work.
1545,Poor attendance is hurting an already weak performance.
1546,Excellent attendance and a positive attitude throughout.
1547,Attends regularly and completes the required work.
1548,Average progress so far this term.
1549,"Strong effort this term, clearly enjoys the work."
1550,"Strong effort this term, clearly enjoys the work."
1551,Consistently well prepared and contributes confidently in class.
1552,Seems disengaged and rarely completes homework.
1553,Average progress so far this term.
1554,"Performance is steady, no particular concerns raised."
1555,Excellent attendance and a positive attitude throughout.
1556,"Does what is asked, could participate more in discussion."
1557,Poor attendance is hurting an already weak performance.
1558,Attends regularly and completes the required work.
1559,Quiet in class but keeps up with the material.
1560,"Struggling badly with the basics, needs urgent support."
1561,Distracted in class and repeatedly misses deadlines.
1562,Hands work in on time and asks thoughtful questions.
1563,"Struggling badly with the basics, needs urgent support."
1564,"Does what is asked, could participate more in discussion."
1565,"Does what is asked, could participate more in discussion."
1566,Frequently absent and falling behind on assignments.
1567,Frequently absent and falling behind on assignments.
1568,Distracted in class and repeatedly misses deadlines.
1569,Seems disengaged and rarely completes homework.
1570,Quiet in class but keeps up with the material.
1571,"Struggling badly with the basics, needs urgent support."
1572,Distracted in class and repeatedly misses deadlines.
1573,Attends regularly and completes the required work.
1574,Distracted in class and repeatedly misses deadlines.
1575,"Does what is asked, could participate more in discussion."
1576,Attends regularly and completes the required work.
1577,Seems disengaged and rarely completes homework.
1578,Frequently absent and falling behind on assignments.
1579,"Does what is asked, could participate more in discussion."
1580,Frequently absent and falling behind on assignments.
1581,Seems disengaged and rarely completes homework.
1582,"Does what is asked, could participate more in discussion."
1583,"Struggling badly with the basics, needs urgent support."
1584,Average progress so far this term.
1585,"Struggling badly with the basics, needs urgent support."
1586,"Does what is asked, could participate more in discussion."
1587,Poor attendance is hurting an already weak performance.
1588,"Does what is asked, could participate more in discussion."
1589,Quiet in class but keeps up with the material.
1590,Poor attendance is hurting an already weak performance.
1591,Excellent attendance and a positive attitude throughout.
1592,Quiet in class but keeps up with the material.
1593,"Strong effort this term, clearly enjoys the work."
1594,Hands work in on time and asks thoughtful questions.
1595,Excellent attendance and a positive attitude throughout.
1596,Excellent attendance and a positive attitude throughout.
1597,Seems disengaged and rarely completes homework.
1598,Attends regularly and completes the required work.
1599,"A pleasure to teach, shows real interest in the subject."
1600,"Strong effort this term, clearly enjoys the work."
1601,"Performance is steady, no particular concerns raised."
1602,Average progress so far this term.
1603,"Struggling badly with the basics, needs urgent support."
1604,Frequently absent and falling behind on assignments.
1605,"Struggling badly with the basics, needs urgent support."
1606,"A pleasure to teach, shows real interest in the subject."
1607,Average progress so far this term.
1608,Average progress so far this term.
1609,"Does what is asked, could participate more in discussion."
1610,Seems disengaged and rarely completes homework.
1611,"Strong effort this term, clearly enjoys the work."
1612,Average progress so far this term.
1613,"Does what is asked, could participate more in discussion."
1614,"A pleasure to teach, shows real interest in the subject."
1615,"Performance is steady, no particular concerns raised."
1616,Average progress so far this term.
1617,Average progress so far this term.
1618,"Does what is asked, could participate more in discussion."
1619,"Does what is asked, could participate more in discussion."
1620,"Performance is steady, no particular concerns raised."
1621,Hands work in on time and asks thoughtful questions.
1622,Quiet in class but keeps up with the material.
1623,Excellent attendance and a positive attitude throughout.
1624,Poor attendance is hurting an already weak performance.
1625,Quiet in class but keeps up with the material.
1626,Poor attendance is hurting an already weak performance.
1627,Attends regularly and completes the required work.
1628,"Performance is steady, no particular concerns raised."
1629,"Does what is asked, could participate more in discussion."
1630,"Strong effort this term, clearly enjoys the work."
1631,"Does what is asked, could participate more in discussion."
1632,Seems disengaged and rarely completes homework.
1633,"Strong effort this term, clearly enjoys the work."
1634,Consistently well prepared and contributes confidently in class.
1635,Seems disengaged and rarely completes homework.
1636,Excellent attendance and a positive attitude throughout.
1637,Average progress so far this term.
1638,"A pleasure to teach, shows real interest in the subject."
1639,Frequently absent and falling behind on assignments.
1640,Poor attendance is hurting an already weak performance.
1641,Consistently well prepared and contributes confidently in class.
1642,Average progress so far this term.
1643,"Does what is asked, could participate more in discussion."
1644,Attends regularly and completes the required work.
1645,Hands work in on time and asks thoughtful questions.
1646,"Does what is asked, could participate more in discussion."
1647,Quiet in class but keeps up with the material.
1648,Attends regularly and completes the required work.
